questions,answer
"なぜ、通夜振る舞いをするのですか？
通夜振る舞いとは何のために行うのでしょうか？",遺族からの弔問に対する感謝の気持ちと共に、故人とこの世で最後の食事を共にしてもらう意味を持ちます。また、食事の席で故人を偲ぶことによって故人の供養になるとされているため、一口でも箸をつけ、静かに帰りましょう。
"焼香の回数に決まりはありますか？
御焼香の回数は、何回なのでしょうか。","故人や遺族の宗派、会葬者の人数によって異なりますが、ご自身の宗派に合わせて問題ありません。
・・・
①浄土宗(特に定めなし)②浄土真宗 西(額におしいただかずに1回)③浄土真宗 東(額におしいただかずに2回)④真言宗(3回)⑤日蓮宗(1回もしくは3回)⑥日蓮正宗(3回)⑦曹洞宗(2回)⑧天台宗(１回もしくは3回)などがあります。"
"小規模なお葬式をしたいのですが、家族葬と直葬の違いを教えてください。
家族葬と直葬の違いを教えて下さい",家族葬は一般的には家族・親族で行う葬儀と言われております。直葬は葬儀式を行わず火葬をする形式です。
"弔辞を作成するときのポイントを教えてください。
喪主の挨拶、弔辞の際は、どのような事を気をつければよいですか
弔辞での注意する事はなんですか？
弔辞での注意点ってなに？","
言葉の言い回し(重ね言葉等)に気を付け弔辞でありましたら五分くらいで終わるようにされると良いでしょう。"
"神式(神道)のお葬式について知りたいです。
神式の葬儀に出席するのですがマナーがわかりません
神式の際は、何を用意すればいいのか。
神式の葬儀に会葬するのですが注意することはありますか？
神式の葬儀に出たことがないので勝手がわからないのですが？
神式の祀り方を教えて欲しい
神式のお葬式では何をするのでしょうか。","
神道の儀式によって行う葬儀を神葬祭といいます。仏式での焼香の代わりに神式では玉串奉奠が執り行われますが、こちらは式場にてご案内いたします。葬儀社でほとんど必要な物は用意をして頂けます。
また、不祝儀袋は御霊前ではなく御玉串料となります。"
"葬儀から帰ると、なぜ体に塩をかけるのですか？
体にかける塩の意味は？",非日常の世界に行ってきたので、塩を振りかけて、けがれをはらうという意味があります。
「危篤」の連絡には、何か意味がありますか？,"息のあるうちに会わせたい、最後のお別れをしてほしいという意味があります。
生前、本人が会いたいと言っていた人、会わせたい人を優先し家族や友人などに連絡している為、危篤の連絡を受けた場合は早めに駆けつけてください。"
在宅での急変時、まずどこに連絡するべきでしょうか？,まずはかかりつけの病院か、訪問看護師に連絡し、指示を仰ぎます。休診日や深夜の場合、119番より救急車を呼び、かかりつけの病院に運んでもらいます。かかりつけの病院がない場合には、119番で救急車を呼び、救急指定病院に運んでもらいます。
エンゼルケアは誰に頼めばよいのでしょうか？,"病院で看護師または葬儀社が行います。ご自宅で亡くなられた場合にも、訪問看護師や葬儀社が行ってくれます。
"
香典の表書きは、各宗教・宗派によりどう違うのでしょうか？,"仏式：「御霊前」「御香典」。水引は黒白の双銀の結び切りを。
神式：「御霊前」「御榊料」「玉串料」。水引は黒白か白、双銀の結び切りを。
キリスト教：「御霊前」「御花料」(カトリック「御ミサ料」)ユリの花や十字架の描かれたものはキリスト教専用。"
菩提寺が遠いのですが、開眼供養はどうしたらいいでしょうか？,新しいご本尊やお位牌をお寺に持参し、「魂入れ」をしてもらうことで、開眼供養の代わりになるとされていますが、菩提寺やお付き合いのあるお寺さんが遠方の場合、現在の住まいのお近くにある同じ宗派の寺院を紹介してもらったりすると良いでしょう。
お葬式はどこで行ったほうがいいの？,"以前は自宅で行うことも多かったのですが、部屋の片づけ・参列者の対応、また、ご近所の迷惑を考えなければならず、近年、遺族の負担が少ない斎場や葬儀会館で行う方が増えました。
お越しになる方の交通の便を考えお選びいただくと良いでしょう。"
"家族葬と一般葬はどう違うの？
家族葬と一般葬の違いは何ですか
一般葬と家族葬違い
家族葬と一般葬の違いは？
一般葬と家族葬の違いを教えて下さい。",家族葬は一般的に、遺族と親族のみで執り行い、葬儀後に不幸があった事をお伝えする事が多く、一般葬は訃報や葬儀日程を親族のみではなく、友人・知人・会社関係・近所の方など皆様にお知らせします。
三回忌は死後何年目のことですか？,三回忌は死後3年目の丸2年経過した日のことです。
年賀欠礼状を出すタイミングを教えてください。,一周忌までの喪中は、年賀状を出さない代わりに「年賀欠礼状」を出します。11月中旬以降、できれば12月中旬に(遅くとも12月15日までに)届くように送ります。相手が年賀状を出す前に先方に届くように送るのがマナーです。
"宗教や宗派はどうやって確認するの？
宗派が判らないが父（母）のときはお寺にきていただいたけど宗派がわからない
宗派が分からない時は、どうすればいいですか？
宗派の決め方はどうすればいいですか？",ご親戚の方などに、菩提寺(宗派)を伺ってみましょう。
"病院指定の葬儀業者を断ってもいいの？
病院から紹介された葬儀社・葬儀屋を断ってもいいものですか？
病院から紹介された葬儀社に依頼しないといけないのか
病院（警察）から葬儀社を紹介されましたが、断ることはできますか？",病院より指定・紹介された葬儀業者に必ず依頼しなければならないことはございませんので、お断りしても失礼にはあたりません。
"参列者はどうやって決めればいいの？
会葬者の人数はどのように決定するのか？
田舎の一人暮らしの母が亡くなりました。会葬者を考えるとき何を基準にしたら良いでしょうか
会葬者が何名来るかわかりません。アドバイスはありますか
会葬者の人数がわかりません。どーしたらいいですか？
一般会葬者の人数が読めない時はどのようにすればよいですか。","故人の兄弟や親戚に伺うか、最近の年賀状のやり取りから、知人・友人などを把握し、決めましょう。
会葬者の人数を具体的に決めるのは大変困難ですが、遺族・近所・友人・会社関係などわかる範囲で書き出すとおおよその目安が把握できます。"
"湯灌（ゆかん）とは？どんな手順で行うの？
湯灌とは、どういったことをするのですか
湯かんとはどのような事をするんですか",安置しているご遺体の身体や髪を洗い清め、化粧を施し、身支度を整える儀式のことで、納棺前に行います。来世への旅装束を整えるための一環として行われ、現世での悩みや煩悩なども綺麗に洗い流し、無事に成仏できるようにとの願いが込められています。
葬儀では、なぜ逆さにすることが多いのですか？,葬儀の際、日常的な事柄を逆さにすることを逆さごとと言い、通常の生活には存在しない”死”というものを意識し、死者の世界と日常を区別するために行われることを意味します。
"死後にすぐ火葬をしてもよいのでしょうか？
亡くなってすぐ火葬してもいいのか？","
病気によって例外はございますが、基本的にお亡くなりになられてから２４時間経過しないと火葬は出来ません。"
"葬儀費用の内訳はどのようなものがありますか？
葬儀費用の内訳を教えてください。","
基本費用+変動費用(接待費)+立替金+宗教者費用+供花物代金等に分かれます。"
葬儀式場の費用はどれくらい違う？,葬儀社により様々な特長があります。立地や設備なども費用に関わってくる要素となります。また、費用は日程や規模、場所により異なりますので詳しくは事前相談などをご利用ください。
欧米ではなぜ、日本のように火葬ではなく土葬が多いのですか？,欧米で主流の宗教であるキリスト教の教義では、死者の復活が重要な要素であり、ご遺体を火葬すると身体が失い復活できないというイメージがあります。そういった宗教上の理由から土葬が主流となっています。
"葬儀のときに宗教者へ渡す料金の表書きは？
僧侶の方へのお礼の表書きには何と書けばよいでしょうか？","仏式：「御布施」「お布施」
神式：「御祭祀料」「御榊料」「神饌料」などありますが「御礼」で構いません。
キリスト教式：以下呼称もありますが、「御礼」で問題ありません。
「献金」(カトリック)「御ミサ料」(プロテスタント)「記念献金」など"
"友引の日にはなぜ葬儀を行わないのですか？
葬儀は「友引」を避けたほうがよいのでしょうか？
何故友引には葬儀を行わないんですか？
日程が友引の場合、葬儀をしてはいけないのでしょうか？
日程が友引の場合、葬儀をしてはいけないのでしょうか？
友引はお葬式ができないのですか？",友引の日は「死者が友を引く」という意味から葬儀を行わない事が多いです。葬儀(告別式)は執り行いませんが、お通夜は通常通りに執り行われます。※現在では多くの火葬場がお休みになっていますが、一部の火葬場では営業している場所もあります。
"骨上げのときに遺骨を合い箸にするのはなぜですか？
お骨を骨壷に入れるのはなぜ二人かかりで行うのか",この世とあの世の間には三途の川があり、その橋渡しをするという意味があり、橋と箸が同音であることに由来があります。無事に渡ってほしいという気持ちを込めて行います。
"年末に亡くなったので年賀欠礼状が間に合いません。どうすればよいでしょうか？
年末に亡くなった場合　年賀状はどうしたらいいですか",年末(12月)に亡くなった場合には年賀欠礼は間に合いません。慌てずに寒中見舞いを年が明けてから送り、年賀状が出せなかった事と、亡くなったことをお知らせしてください。
葬儀後に渡された請求書を見たら、見積書の金額よりもずいぶん高いのですが…,見積書に含まれていない商品も御座いますので、打合せ時に担当者へご相談いただき、見積りから追加になる可能性がある項目を確認することが大切です。日程や規模により変動する項目もあります。
"旅先での突然死。どうしたらいいの？
家族が旅行先の海外で亡くなりました。どの様な手続きをすればいいでしょうか？
もし旅先でなくなった時どうすれば良いのですか？
遠距離の地方や海外で逝去した場合、搬送はどうすればいいのですか？","国内の場合、現地の病院または警察等で、死亡診断書(死体検案書)を発行していただき、指定の葬儀社にご連絡ください。
海外の場合、現地の日本大使館か総領事館から日本の外務省、そして遺族へと死亡が通知され、遺体を日本に移送する場合は、現地医師による死亡診断書(事故死/自殺/他殺等は死体検案書)が必要になります。
・・・
国内では在外公館から埋葬許可証を作成してもらいます。(同時に「遺体証明書」も発行)現地で火葬を行った場合は「火葬証明書」が必要になります。移送は国際航空便となります。到着後、空港からは国内の葬儀社が担当いたします。
"
社員の少ない中小企業で社葬をする場合、何か気をつけなければならないことはありますか？,社葬は企業主体で執り行うため、規模・内容などにより会社の内情やイメージが大きく測られることになります。また、少ない社員で行う場合は司会進行など外部に依頼可能な役割は、無理をして自社内で行わずに外部へ依頼されることをお勧めいたします。
"危篤の連絡を病院から頂きました。どうしたらよいのでしょうか。
お医者様から危篤を告げられました。何をすればいいですか？
お医者様から危篤を告げられたのですが、何をすればいいですか？
危篤の知らせを受けたらどうしたらいいですか？
危篤になったら？
お医者様から危篤を告げられました。何をすればいいですか？",家族や近親者、二親等を目安に関係の深い友人・知人、本人が会うことを希望する方に知らせます。普段付き合いがなくても親・兄弟姉妹には必ず連絡しましょう。連絡の際は慌てず要点を伝え、FAX、留守番電話、メールの場合も、後で必ず電話で確認しましょう。
"在宅療養中に亡くなったら、どうすれば良いのでしょうか。
自宅で逝去した場合はどうしたらいいでしょうか
自宅で亡くなったとき、何をすればいいのですか？",自宅で亡くなられた場合は、病院または警察に連絡し、状況確認をしてもらい、死亡診断書を受け取ります.※掛かりつけの病院がある場合は病院に連絡、掛かりつけの病院がない場合や突然死の場合は警察に連絡します。
"遺族の中で、誰が喪主になれば良いのでしょうか。
喪主は誰がするのが一般的ですか
喪主になる人は決まっているのでしょうか？
喪主の決め方
喪主はだれが務めたらいいですか？
喪主は誰が務めるのがいいのでしょうか？",故人の配偶者が一般的です。もしくは世代交代としてお子様が行われることも多いですが、決まりはございません。遺言がある場合にはそれに従います。
"亡くなるとよく北枕にすると聞きますが、どんな意味を持っているのでしょうか。
故人を寝かせる時、何故、北枕なんですか？
ご遺体を安置するとき、北枕にすると言われましたが、なぜ北枕にするのでしょうか？",頭北面西右脇臥(ズホクメンサイウキョウガ)と言う、頭を北に、顔を西に向け、右脇を下にして入滅した釈迦の姿にならったものと言われています。釈迦と同じ姿勢をとることで安らかに成仏できるようにとの思いを込め、死者の枕を北に向ける習慣が出来ました。
"(家族葬)家族だけの葬儀を希望することは出来るのでしょうか。
家族で式を挙げたいのですが、小さな式場はありますか？
家族葬ってできるのか？",はい、可能です。ご希望に応じて手配いたします。家族葬専用の式場を完備したホールがございますので。お気軽にお越しください。
"葬儀の日時と場所はどの様にして決めるのでしょうか。
葬儀の日取りはどうやって決めるのでしょうか?
葬儀の日時はどのように決まるのですか?
葬儀の日程は、どのように決まりますか？
葬儀の日程はどのように決めればよいですか？
葬儀をする場所はどこにすればよいでしょうか？
葬儀の日程はどの様に決めるのですか？
葬儀の日程を決めるときのポイントは？
葬儀の日程はどのように決まるのですか？
葬儀はいつ行うものですか？",一般的に、亡くなった翌日または翌々日に通夜を行い、通夜の翌日に葬儀・告別式を行います。葬儀・告別式が友引になるのを避け、ご家族のご意見と寺社などの都合・火葬場の予約・式場日程も確認の上、最短の日取りで行えるよう、よく相談させていただきます。
"自宅で葬儀は出来ますか
自宅で葬儀を行いたいのですが、可能ですか？いくらかかりますか？
自宅でも葬儀は可能か。またマンションやアパートでも可能なのか。
自宅でもお葬式はできますか？
アパートやマンションでも葬儀は出来ますか？",ご自宅の間取りやスペース、参列人数によって異なります。詳しくはスタッフにお問い合わせください。
"遺影写真の選び方はどうすれば良いでしょうか。
遺影写真を選ぶ際に決まりことは有りますか
遺影写真はどういう写真を選んでもらえばいいのか
遺影写真はどのようなものを用意すればよいですか？
遺影に使う写真はどんなものでもいいですか？",遺影には、お顔が大きくはっきり写っていて、正面を向いているものが良いでしょう。ない場合はには、複数名で映っているような集合写真からでもお作り出来ますが、ピントが合っている写真を選ばせて頂きます。
"ご供花や供物はどの様な順序で並べてお飾りするのですか。
生花の花の順番に決まりはあるのか？
供花を並べる順番を教えてください。祭壇の左右に設置する場合です。",この辺りでは故人にお近い順にお並べし、その下に御一般の方より頂いた供花を並べられる方が多いです
"通夜の弔問に際しての服装は、一般的に何が良いのでしょうか。
通夜の服装はどうすればよいでしょうか？
通夜での服装は？",一般の会葬者は遺族より大げさにならないようにします。通夜は黒・グレー・紺などの色をメインに地味な色のスーツやワンピース等の略式喪服で参列し、葬儀に参列するときは、男性はブラックスーツ、女性はブラックフォーマルウェアとなります。
"香典を包む一般的な金額を教えてください。
香典の相場は？","基準として故人との関係、送る側の社会的地位を考えましょう。
両親：(20代)3～5万円,(30代以上)5～10万円
兄弟姉妹：(20代)2～3万円,(30代以上)3～5万円
祖父母：(20～30代)1～3万円,(40代以上)3～5万円
叔父・叔母：(20代)1万円,(30代)1～2万円,(40代以上)1～3万円
その他親戚：5千円～1万円
友人・知人：(20代)3～5千円,(30代以上)5千円～1万円
隣近所：3～5千円"
"通夜と告別式の両日弔問しますが、香典はどちらに持参するのでしょうか。
通夜と本葬にどちらも訪問するのですが、香典は2回用意した方がよいですか",どちらか一回で良いですが、最初に弔問する通夜でお渡しするのが良いです。
"不祝儀袋の「御霊前」と「御仏前」では、どう違うのでしょうか。
「御霊前」「御佛前」の違い
「御霊前」と「御仏前」の違いを教えてください。","一般的には、「御霊前」は通夜・葬儀に用い、「御佛前」は葬儀以降の法事(法要)の際に、目的に応じて使い分けします。
「御霊前」は宗派に関係なく共通して使用できると言われています。"
"お棺に納めたい故人の愛用品は、どんな物が入れられますか。
納棺ではなにを入れられるのか
棺には何を入れられますか？
棺に入れたいものがありますが、NGのものはありますか？
納棺するとき、棺に入れてはいけない物ってありますか？
納棺するとき、棺に入れてはいけないものってあるの？
柩の中に入れてはいけない物はありますか？","基本的には可燃物になりますが、お手紙や思い出の品々、持たせてあげたいものを入れて差し上げて下さい。
好んで着ていた洋服や趣味のものなどを選んでいただいても良いでしょう。"
出棺のあいさつは誰がするべきでしょうか。,出棺時の挨拶は遺族を代表し喪主の方が行うことが多いですが、親族代表のご親族の方がされる場合もありますので、事前にお決めになってください。
お骨上げはどのようにするのでしょうか。,火葬場にて係員が用意した箸を使用し、故人と関係が深い遺族から順に２人１組になって足元の骨から上半身の骨へと順に拾い上げます。最後は喉仏の骨上げを、喪主と、近しい親族が2人1組で行い、終了となります。
"分骨したい場合は、どのようにすれば良いのでしょうか。
分骨をしたいのですがどうしたらよいですか
分骨する時はどうすればいいですか？
分骨するときは？",火葬場管理者に分骨証明書をだしてもらいます。その後に遺骨を分骨壺に入れ分骨後は納骨するところへ証明書の提出をいたします。
弔電や供物を頂いた人へのお礼はいつごろまでにするべきでしょうか。,お礼状を送り感謝の気持ちを伝えるのがマナーとなります。御礼をする時期に決まりはありませんが、あまり遅くなるのは相手に対して失礼となりますので、葬儀が終わり、出来るだけ早い時期に出すようにしましょう。
"生前に頂いたお見舞いのお礼は、いつごろまでにするべきでしょうか。
お見舞いを頂いてた方へのお礼は？","
一般的には、お見舞いに対するお返しは必要ございません。あくまでもお見舞い返しは、元気になった時に感謝の意を込めてお返しするものです。ただし、お返しをしたいお気持ちを否定するものではないので、お返しをするのも自由です。"
なぜ念珠を持つのでしょうか。,"百八の煩悩を絶つという願いから百八の珠を基本としてできております。
数珠(念珠)は身につけることで功徳がると言われ、煩悩を絶ち自らの心を平穏なものとし、故人と向かいあうため、また、故人・仏様に敬意を表するために持ちます。"
「忌中」と「喪中」の違いを教えてください。,忌中は、近親者の死後、四十九日間とすることが一般的で、亡くなった故人を偲び生活を慎みます。喪中は一般的に一周忌までの間としており、その死を悼う気持ちから派手な交際などを避けて慎しみ喪に服している期間。一般的には、2親等以内の親族が亡くなってから一周忌までを喪中とします。
戒名・法名・法号の違いは何ですか,"分かりやすいのは宗派による違いです。
一般的な仏式(天台宗、真言宗、曹洞宗、臨済宗、浄土宗など)は戒名といいます。
浄土真宗は法名、日蓮宗は法号といいます。"
"葬儀費用の平均は、どのくらいですか？
お葬式の費用相場
お葬式の費用の相場は。
葬儀費用の平均は
葬儀費用の相場はいくらですか？
葬儀の費用の相場、平均額はどのくらいですか？
お葬式の平均費用はいくらですか？","
費用の相場は人数やお選びいただく商品により様々で、地域によっても異なります。規模によって返礼品などの接待費が変動するので注意が必要です。
各ホールにて生前相談を受け付けておりますので、お問い合わせください。
"
"役所への手続きについてはどうすればよいですか？
親が亡くなったら役所などへの連絡はどんな手続きをいつすればよいのか？
現在祖父が危篤です。亡くなってしまった場合の手続きはどうすればよいでしょうか？
身内が亡くなったときにすぐにしなければいけない手続きはありますか？
身内が亡くなった場合、どんな手続きが必要なのですか？
死亡した場合、役所に提出するものなどはありますか？","葬儀前・葬儀後の手続きがございます。
・葬儀前
・葬儀後"
"無宗教で送りたいのですが可能でしょうか？
無宗教で葬儀はできるの？
無宗教で葬儀は可能なのか
無宗教の葬儀でもセレモニーにお願いできるのですか
ホールで仏式、神式でもない無宗教の葬式は出来るのですか。
無宗教でもお葬式はできますか？
宗教色を一切排除した葬儀・葬式を希望していますが可能ですか？
無宗教で送りたいのですが可能でしょうか？
宗教色のない葬儀はできる？
無宗教の葬儀でもセレモニーにお願いできるのですか","無宗教でのご葬儀も承ります。自由な葬儀で、特に決まり等ございませんので、偲ぶ会やお別れ会など様々なご要望にお応えします。
ただし、菩提寺がある場合、かってに無宗教で葬儀を行ってしまうとトラブルになりますので事前にご相談をしてください。"
"深夜・早朝でも対応してくれますか？
24時間いつでも対応してますか
もしもの時は深夜でも対応してくれますか？
営業時間はあるのでしょうか？深夜や年末年始などに亡くなった場合、電話はつながりますか？
万が一のとき深夜・早朝でも対応していただけますか？
","24時間365日、いつでも対応いたします。万が一の際はご連絡ください。
深夜に亡くなった場合も対応できますか?"
"葬儀費用の注意点は、どんな所ですか？
葬儀費用を検討する際の注意点はどんな所ですか？",ご葬儀費用は会場・場所や、ご葬儀の形式、ご会葬者様の数、祭壇の種類等によって大きく変わってくるため、広告などの表記を鵜呑みにせずに細部に渡り見直すことが重要です。葬儀会社へご予算やご希望を相談し、追加になる項目も確認することをお勧めします。
"お返しの品についてですが、会葬御礼と香典返しは違うのですか？
お返しのお礼ですが会葬御礼と香典返しは違うのですか
会葬御礼と香典返しは違うのですか？
会葬御礼と香典返しはどのように違うのですか？違いを教えて下さい",会葬御礼品はご会葬に来て頂いた方全員にお返しする品です。香典返しは香典に対する返礼の品です。
"料理などのふるまい方が地域で違うと聞きました。 どのような場合がありますか？
料理などのふるまいに地域差があると聞きました。本当でしょうか？",通夜に振る舞いを行う地域と告別式に振る舞い行うなど、地域によって異なります。
"お葬式に給付金が出るのですか？
葬儀には、行政などからの補助がありますか?
葬儀費用の補助はありますか？",国民健康保険・後期高齢者医療保険の加入者ご本人、社会保険加入者ご本人または扶養家族の葬儀を行なった場合、葬儀を行なった方に「葬祭費」または「埋葬費」とした一定額が支給されます。金額は自治体により変わりますが、ご自身で手続きが必要な申告制となります。
"もしもの時、すぐに必要なものは何ですか？
もしもの時にすぐ必要なものは何ですか
もしものとき、すぐに必要なものはなんですか？
すぐに必要なものはなんですか。
もしもの時にすぐ必要なものは？","
ご遺影に使う写真は、慌てて探すと良いものが見つからない場合があります。印鑑も予め準備しておくと慌てずに済むでしょう。
各ホールにて事前相談を受け付しておりますのでお問い合わせください。"
"役所手続きはしてもらえるのでしょうか？
役所の手続き関係はやってもらえるんですか？
役所手続は葬儀社がしてくれる
身内が亡くなった際、自身で役所に行う手続きはありますか？またそちらを代行して頂くことはできますか？",死亡診断書の提出など葬儀社が代行して行える手続きもありますが、代理人では行えない手続きもありますので、手続きの内容が複雑な場合は、専門家に相談するのも良いでしょう。
お葬式は、あまり派手にはしたくないと故人が希望していたのですが、どのプランがいいですか？,セレモニーでは、宗派や規模、様々な形式の葬儀を執り行っております。ご遺族によって送り方も様々ございますので、事前のご相談をおすすめいたします。
"亡くなった後、まずは何をすべきですか？
亡くなった後はどんな流れになりますか
亡くなった後、まずは何をしたら良いのでしょうか。すべき事を教えて下さい。
家族が亡くなったら、まずどんなことをしなければならないでしょうか？
現在祖父が危篤です。亡くなってしまった場合の手続きはどうすればよいでしょうか？
身内が亡くなったときにすぐにしなければいけない手続きはありますか？
身内が亡くなった場合、どんな手続きが必要なのですか？",葬儀社に連絡し、ご遺体の搬送(自宅死去であれば初期対応)を依頼します。その後、安置し葬儀の打合せになります。
極力、葬儀費用のかからない葬儀をあげようとしております。家族、親類のみで密葬のかたちにしたいのですが通夜式は必要でしょうか。,通夜は執り行わず告別式のみの1日葬や一般参列者の人数が少ない家族葬などは、接待費(料理・返礼品)の費用が抑えられますが香典収入も減るため、トータル的には安くなるとは言えません。また、菩提寺がある場合は菩提寺の住職と事前にご相談しましょう。
"自宅がエレベータの無い3階なのですが、エレベーターがないと自宅に安置ができませんか？
自宅（マンション）にエレベーターが無いのですが安置は可能でしょうか？
自宅がマンションで故人を安置する場所がありません。自宅以外で安置していただける場所はありますか？
通路が狭かったり、エレベーターのないマンションの場合、自宅に安置するのは難しいですか？",外階段等で、搬送する事は可能かと思われますので、一度ご確認下さい。
遺体安置の日数が延びた場合に追加料金は掛かりますか？,ご安置の日数が延びた場合、延びた日数分の料金が発生いたします。
"どのタイミングで電話すればいいですか？
身内が亡くなったら夜間でも電話できるのか",２４時間３６５日対応しておりますので、各ホールまでお問い合わせください
"位牌は不要です。その場合、値引きしてもらえますか？
位牌は必要ないので　その分　値引きしてもらえますか？",葬儀社によって異なりますので、直接お問い合わせ下さい。
病院で紹介された葬儀社・葬儀屋に既に遺体搬送をしてもらいましたが、かなり高額な見積りが出てきました。今からそちらに依頼することは可能ですか？,ご対応は可能です。葬儀費用に関しましては葬儀社によって異なりますので、事前にいくつかの葬儀社からお見積りを取ることをお勧めいたします。
"お葬式にはお坊さんに必ず来ていただくものですか？
葬式を行った場合、お坊さんを必ず呼ばなければいけないのでしょうか。
寺院（僧侶）がいなくても葬儀をすることはできますか？
お坊さんを呼ばなくてもご葬儀は出来るんですか？
お坊さんにお経を唱えてもらわないといけないの",必ずしもお寺を呼ばないといけない訳ではございません。お坊さんを呼ぶご葬儀は仏式となりますが、宗旨宗派をもっていない場合、無宗教葬という自由な形式のスタイルもあります。ただし、菩提寺がある場合には必ず確認をとり、菩提寺の了承を得て下さい。
"自宅で安置出来ない。どうしたらいいですか？
亡くなった後、自宅で遺体を安置する場所がない場合はどうしたらいいのでしょうか？
自宅には帰れないので、安置出来る所は、ありますか。
自宅安置が難しい場合はどの様な対応があるのでしょうか
自宅に遺体を安置する場所がありません。どうずれば良いでしょうか？
自宅がマンションで故人を安置する場所がありません。自宅以外で安置していただける場所はありますか？",セレモニー直営式場には霊安室が完備されていますので、安心してお預けいただけます。
"寺院の紹介を依頼すると、檀家にならなければなりませんか？
寺院を紹介されたら檀家にならなければならないか",いいえ、ならなくても大丈夫です。ご希望の場合はご相談下さい。（http://www.sougikaikaku.com/）
"菩提寺（檀家となっている寺院）があるので、そちらに来てもらうことは可能ですか？
寺が決まっている場合、セレモニーに住職を呼ぶことはできるのでしょうか？",基本的に可能です。寺院や葬儀会社にご相談ください。
"寺院のお手配は、全ての宗派でご対応頂けますか？
各宗派に対応しているのでしょうか？（紹介寺）
すべての宗派の紹介は有りますか
どのような宗派でも利用可能か","すべての宗派には対応しておりませんが、菩提寺が遠方でお困りの方・菩提寺をお持ちでない方のために、寺社へのお取次ぎをしております。当社の寺院紹介システムをご利用下さい。(http://www.sougikaikaku.com/)
"
"枕経がしたいのですが、お付き合いのあるお寺様がいません。お手配可能でしょうか？
紹介寺院でも希望すれば枕経を上げに来てくれるのか",はい。伺います。詳細は寺院紹介システムをご覧下さい。
"僧侶にお布施とは別にお車代や御膳料はどれほど包めばよろしいでしょうか？
紹介寺でも車代、食事代は別にしたほうがいいのか
お寺様の御車代はいくら位包めばよいのでしょうか。","寺院紹介システムでは、料金が定められております。詳細はお問い合わせ下さい。
もしくは寺院の場所によりますので、直接菩提寺にご確認ください。"
"法事・法要の僧侶の手配をお願いしたいのですが可能でしょうか？
法事の時、お寺様を手配していただけますか？
法事が遠方でも紹介のお寺を手配していただくことは可能ですか？
僧侶の手配などは、お願いできますか？
49日のお寺さんの手配はやって頂けるのかしら？
葬儀後も寺院の手配はできますか？
法事もお坊さんを紹介してくれるの？","当社にてお手配できますのでご相談ください。寺院に所属する各宗派のご僧侶をご紹介いたします。
遠方の場合は交通費などをご請求する事もありますので霊園などにご相談してお近くの寺院を紹介していただいた方がよろしいかと思います。"
四十九日法要などの手配もお願いできますか？,四十九日法要などの手配もご対応しております。詳しくはご依頼する葬儀社にご相談ください。
"お布施を渡すタイミングは？
お布施はいつお支払いすればよろしいのでしょうか？
お布施はいつ渡せばいいのですか？
お寺様へのお布施の支払いはいつ行えばよいのでしょうか？
お布施はどのタイミングでお渡しするものなのですか？","お寺さまからの指示がないようでしたら、通夜開式前にお渡しされると良いでしょう。
葬儀費用とは別ですので、お布施は直接お寺様にお渡し頂いております。"
"戒名は必要ですか？
戒名は必ず付けないといけないのでしょうか？
戒名は必ず必要ですか？
戒名はつけないといけないのですか？
戒名は必ず必要ですが？
生前の名前で葬儀をする人がいるけど、戒名はもらわなくてもいいの？
私は葬儀の際の戒名は、要らないと、思っているそれでも良いのか。
檀家じゃなくても戒名は必要？",昔から寺院等のお付き合いがなく、先祖もそのような場合は戒名を付けられない方もいらっしゃいますが、お寺さまをお呼びされての葬儀でしたら、ほとんどの方がお付けになられます。法律上の決まりはございませんが、菩提寺がある場合には確認が必要です。
一日葬と家族葬の違いは？,一日葬は一般的にお通夜～告別式と2日間にわたって行われる葬儀・儀式を1日で執り行う葬儀のことです。通夜は行わず、ご火葬当日に親しい方にお集まりいただき告別式のみ行います。家族葬はご家族・親族・近親者のみで行う小規模な葬儀・葬式を言います。
"出席は家族だけなので、お別れ会形式の告別式にしたいのですが可能でしょうか？
お別れ会にも対応してもらえるのですか？",お別れの会は故人と関わりのある人々を招いて故人を偲ぶ会のことです。特に決まりというものはなく、自由な形式で故人様とのお別れが出来ます。
"通夜式を行わなくてもお葬式として問題ないのでしょうか？
通夜・告別式は必ずしなくてはいけないのか？","必ずしなくてはいけないものではございません。
通夜を執り行わず告別式のみ執り行う1日葬と呼ばれる葬儀もございます。
ただし菩提寺がある場合は、菩提寺の住職と事前にご相談し、親戚にも了承して頂くようにしましょう。
"
事前にお葬式をする葬儀場・斎場を知りたいのですが。,深夜の時間帯ですと見学不可能となりますので、見学希望の葬祭式場へご相談ください。
神式でも対応可能ですか？,セレモニーでは、様々な宗派の葬儀を執り行う事が可能です。仏式以外にも神式・キリスト教などございますのでご相談ください。
キリスト教式でも対応可能ですか？,セレモニーでは、様々な宗派の葬儀を執り行う事が可能です。仏式以外にも神式・キリスト教などございますのでご相談下さい。
"葬儀場・斎場には泊まれますか？
通夜の日にホールに泊まれるのか？また何が必要になるのか
会場は宿泊する事は可能ですか。また何名まで可能ですか。
ホールが空いていたら通夜前から泊まれるか・・・
通夜の時以外で泊まることはできないんですか？
ホールでの宿泊は可能ですか。設備と価格を教えてほしい
今日の今日で泊まることは可能ですか。
親戚が宿泊できる場所はありますか？
通夜で宿泊する事は可能ですか？
遠方の親族を呼びたいのですが、宿泊施設はありますか？
式場には泊まれますか？
斎場に泊まりたいときは、手配をしてもらえるのですか？
お通夜の際、斎場で宿泊はできますか？","お通夜の当日のみ宿泊することは可能です。人数は会場により異なりますので、スタッフにお問い合わせください。
浴衣やバスタオルなどアメニティ類も揃えておりますが、宿泊の場合、貸布団1組につき5500円(会員5000円)の費用が掛かります。"
"参列する人数に限度はありますか？
参列者の人数に上限はありますか？",式場(会場)にもよります。
"参列する人数が増えることによって料金は変わりますか？
予想していた人数より会葬者が多く来てしまった場合は追加で料金がかかるのか",会葬礼状等追加で印刷した場合には料金はかかります。
友人葬でも対応可能ですか？,友人葬を行える葬儀場かは事前にご確認ください。
"葬儀費用の支払いはいつ行えばよいのでしょうか？
葬儀の支払はどのタイミングで行いますか
葬儀代金を保険金が下りてから支払いたいのですがいいでしょうか？
葬儀費用を払う時期や支払い方法について
お支払いはいつすればいいのですか
葬儀終了後、施行費の支払い期限は何日くらいあるのか？
費用はいつ支払えばいいのですか？","葬儀社によって異なりますので、直接お問い合わせ下さい。
セレモニーでは、葬儀終了後、約1週間以内での現金一括払いもしくは振り込みでご精算になります。ご都合が悪い場合は担当者にご相談下さい。"
"火葬はいつになりますか？
直ぐに火葬したい、いつできますか？",墓地、埋葬等に関する法律第3条により、「原則として、死体は、死後（もしくは死産後）24時間以内は火葬してはならない」と規定されています。一般的にはご依頼いただいた翌日または翌々日に火葬を行いますが、空き状況によって延びる可能性もございます。
"案内用の看板はご用意いただけるのですか？
案内看板はお願いできるか",はい、可能です。
"生活保護を受けていますが、補助が出ると聞いています。その範囲内でお願いできますか？
生活保護者が亡くなった場合に、費用を負担いただける制度はありますか？",お住まいの役所内の福祉課にご連絡し、葬祭扶助が支給されるかご確認ください。支給された金額内でご相談を承ります。詳しくはお近くのセレモニーホールまでお問い合わせください。
"身内が亡くなったら、まず何を準備すれば良いでしょうか？
身内が亡くなった時にまずすることは何ですか
通夜や葬儀を行う為に、まず何からしたら良いかがわからない。
葬儀を行う側になった場合、まったく何も分かりません。まずは何からすればいいのですか？
もしもの際はまずどうすればいいですか
亡くなったらまず何をすればいいのか？
葬儀を行うにあたって、まずすぐに必要なものとは？
亡くなった時、まず何をすればいいでしょうか？
病院で母が危篤なのですが、もしもの際はどうすればよいのでしょうか？
亡くなって、すぐに用意しなければならないものは何ですか？
身内に万一のことがあった場合まず、なにをしたら良いのでしょうか？
まず、準備するものはありますか？
病院に入院してますが、万が一の事が発生したら最初に何をすればいいのですか？
","ご家族ご親戚様にご連絡をされた後は、仏式で菩提寺がある場合、菩提寺、葬儀会社へご連絡下さい。ご搬送のお手配をさせて頂きます。また、葬儀を行うにあたり、死亡診断書(死亡届)が必要になります。
セレモニーHP：葬儀の手順参照"
"葬儀の日時と場所、形式はどのようにして決めるのでしょうか？
家族葬・一般的な葬儀、形式をどうやって決めればよいか。",一般的に亡くなった翌日または翌々日に通夜を行い、通夜の翌日に葬儀・告別式を行います。葬儀・告別式が友引になるのを避け、ご家族のご意見と寺社などの都合・火葬場・式場日程を確認し、日程を決めます。形式は故人の生前のお付き合い等をお考えの上決めましょう。
"故人の好きだった花で祭壇を飾る事はできますか？
故人の好きだった花を手向けたいのですが、ｱﾚﾝｼﾞのお花はカタログから選ばなくちゃ駄目ですか？
故人が大好きだった花があるのですが花祭壇の中に入れて頂く事は可能でしょうか？
なくなった妻が、薔薇（祝いごとでよく使う花）が大好きだったんですが祭壇を薔薇で飾ったりしても良いのでしょうか。
好きな花だけ指定して祭壇作れる
生花祭壇に故人が好きだった真っ赤なバラとかできますか？","
祭壇にお飾りする花に決まりはございません。出来る限りご希望に合わせたお花・デザインで手配可能ですが、季節によりご希望に添えない場合もございますので、担当者へご相談ください。"
"無宗教で葬儀をしたいのですが、どうすれば良いでしょうか？
無宗教の場合はどの葬儀形態を選べば良いですか？
無宗教で葬儀を行いたいのですが何か特別な手続きが必要でしょうか",イレギュラーな場合を除き、お付き合いのあるお寺(菩提寺)が無く、お墓が寺院墓地でない場合は無宗教で葬儀を行えますが、無宗教葬は葬儀の内容を自由に決めれますので、ご家族様としっかりとご相談をさせて頂きます。特別な手続き等は必要ありません。
"訃報を伝える範囲やタイミングは？
訃報は誰にどうやって知らせればいいですか？
訃報はどのタイミングでどのようにしたらいいのか",葬儀打合せが終了いたしましたら、故人と縁のある方やご親族やご遺族の関係、自治会関係等各関係先に連絡を入れ、訃報用紙をＦＡＸ送信されると良いでしょう。
"死亡届けの手続きは、どうしたら良いでしょうか？
死亡届はいつ・どこに提出すればいいですか？
役所への死亡手続きについて、どうすればよいですか？
死亡届は誰がどのように提出すれば良いでしょか？",死亡届は7日以内に、故人の本籍地、届出人の住所地、死亡地いずれかの役所に提出します。署名押印する届出人は親族、親族以外の同居者、家主、地主、家屋・土地の管理人、後見人などですが、窓口に持参するのは葬儀社などの代理人で問題ありません。
"寺院との付き合いがないのですが、葬儀の時どうすれば良いでしょうか？
菩提寺はありませんが仏式で式をしたいです。どうすればよいですか
実家は菩提寺があるが、私は信仰している宗教がない。葬儀はどうしたらよいか？",寺院とのお付き合いがない場合や、菩提寺がない場合は一度ご家族や親戚の方にご相談されるのも一つです。それでも分からない場合や、信仰宗教がない場合はご依頼する葬儀社に相談することをお勧めします。
"お布施はいくらぐらい包めば良いでしょうか？
お布施の金額いくらですか
菩提寺の住職にお布施はお気持ちでと言われました。いくら包めばよいですか。
お布施の相場
お布施の相場を教えてもらえますか？
葬儀の時にかかる一般的なお布施の金額を教えてください。
お布施はいくらぐらいが目安ですか？
お布施の相場は？
お布施の金額は、どのくらい包めば良いでしょう？
お布施の金額はいくらですか？
僧侶のお布施(神官への謝礼)の金額の目安は？","ご親戚の方や檀家総代に相談されるか、寺院によって様々ですので菩提寺がある場合は直接お尋ね下さい。
菩提寺が無く、当社寺院紹介システムをご利用の場合は、料金は決まっておりますのでお問い合わせ下さい。0120-41-1148"
"自宅に故人をつれて帰れないのですが、お葬式までどうしたら良いでしょうか？
自宅には帰れないので、安置出来る所は、ありますか。",セレモニー直営式場には霊安室が完備されております。
"棺に納める遺愛品は何を入れれば良いでしょうか？
棺に納める副葬品は何が良いのですか。","故人のお好きだったもの、趣味の品等を入れると良いでしょう。
言葉は悪いですが、燃えるものに限ります。"
"供花の名札の順番にきまりはあるのでしょうか？
生花の花の順番に決まりはあるのか？",この辺りでは故人にお近い順にお並べし、その下に御一般の形より頂いた供花を並べられる方が多いです。
"葬儀会社は、どんなことをしてくれますか？
具体的に、葬儀会社には何を頼めるのでしょうか。役所への届出（必要な事があれば）、お坊さんやお墓の手配等。　",葬儀にかかわる一切を承っております。詳細は葬儀社にお尋ね下さい.
"葬儀の返礼品が余ったら、引き取ってくれますか？
余った返礼品は、返品できるのか
葬儀の返礼品が余ったら、引き取ってくれますか？",返品可能です。しかし葬儀後に自宅に予備としてお持ちした返礼品については、葬儀後２週間過ぎますと返品対応出来かねますのでご注意ください
"喪服は、レンタルできますか？
喪服がないのですがレンタル出来ますか？
喪服はレンタルできるのでしょうか
喪服（洋服）のﾚﾝﾀﾙは可能？
遺族じゃなくても喪服って借りられますか？
喪服のレンタルはできますか？
喪服をもっていないのですが、レンタルはできますか？",セレモニーでは衣裳のレンタルを行っていますので、ご対応することが出来ます。
"家族葬を行う際に注意することはありますか？
家族葬を行う際の注意する事や料金はいくらかかるのですか？",家族葬で執り行ったあとに、故人を慕う方々が自宅にお参りに来られたり、対応が負担になる事もあるので注意が必要です。
"葬儀参列者数の予想の仕方はありますか？
お通夜の参列人数が分かりません　内容をどのように決めたら良いですか
会葬者の人数がわかりません。どーしたらいいですか？
参列者の人数はどうやったら把握できるか
葬儀に参加する人数を予測する方法はありますか
葬儀当日どれくらいの参列者が来ていただけるか全く予想ができません。どのように予想したらいいのでしょうか？
葬儀に参加する人数の予想の仕方はありますか？
家族・親族以外に葬儀に参列する人の数の見当がつきません。どうしたらよいでしょうか？
参列者人数の予想ができないので、予想の手順を教えてください。
","
会葬者の人数を具体的に決めるのは大変困難ですが、遺族・近所・友人・会社関係などわかる範囲で書き出すとおおよその目安が把握できます。
また、会葬者を把握する場合は少し多めに見積もります。
各関係を伺い予想人数のご提案も可能です。"
"扱えない宗教や宗派はありますか？
セレモニーではどんな宗教でも葬儀を執り行えるのでしょうか",様々宗派に対応しております。
"菩提寺がありませんが、紹介してもらえますか？
お寺様と一切おつきあいがありません。お寺様は紹介していただけますか？
寺院との付き合いがないのですが紹介してもらえるのでしょうか？
菩提寺が無いのでお寺さんを紹介頂けますか","寺院とのお付き合いがない場合や菩提寺がない場合は、ご利用になる葬儀社にご相談ください。セレモニーでは、菩提寺が遠方でお困りの方・菩提寺をお持ちでない方のために、寺社へのお取次ぎをしております。
http://www.sougikaikaku.com/kaikaku1.php"
"互助会で葬儀費用はすべてまかなえますか？
これで葬儀ができますか？
積み立てた会費だけで葬儀はできますか","会費のみではできかねます。飲食関係や司式者等へのお支払いは別途となります。
主に、お料理返礼品、お車代、お布施などです。"
"家族葬なら、費用を抑えられますか？
家族葬だと安く済むときいたけど実際どうなのか",家族葬の場合、一般参列者の人数が少なく接待費(料理・返礼品)の費用が抑えられます。しかし香典収入も減りますのでトータル的には家族葬の方が安くなるとは言えません。
"掛金支払中に利用することはできますか？
掛け金を満額支払う前に利用することは可能でしょうか？",利用できますが、早期利用費が発生するケースがございます。
掛金支払中に利用する場合、残金はどうなりますか？,残金はご利用時に一括清算していただく必要がございます。
"お墓はいつまでに準備をすればよいでしょうか？
墓はいつまでに用意すればいいか",いつまでにという決まりはありませんが、四十九日に間に合わない場合は百か日・一周忌といった節目に法要を兼ねて納骨できるように検討されてはいかがでしょうか。
"四十九日は親族だけで行うものですか？
法事は親族のみ？",初七日以外の法要は親族のみで行うことが一般的ですが、親族のみという決まりはございません。故人様と縁の深かった方に出席していただければ故人様も喜ぶでしょう。
"会員でないと、セレモニーのホールは使えませんか？
互助会会員ではなくてもセレモニーホールを利用することはかのうですか。
加入しないとホールは使えないか
",非会員様のご葬儀のお手伝いもさせていただいておりますが、会員様には式場利用料や霊安室なども優遇させていただいております。会員様ですと費用を抑えることができるので加入をお勧めいたします。
"葬儀の担当をしていただく方の指名はできるのでしょうか？
前にお世話になった担当さんを指名する事はできますか？",セレモニーでは担当者をご指名していただくことは可能です。葬儀社によってはご指名いただくことが出来ない場合もあるかと思いますので、ご利用になる葬儀社にご相談ください。
花祭壇の希望はどこまで対応していただけますか？,生花祭壇は葬儀社によってご対応できる範囲が異なります。ご葬儀の際にご担当者の方にご確認することをお勧めいたします。セレモニーでは可能な限りお客様のご希望に添えるようご相談させていただきます。
"葬儀式場はどのように探せばいいのでしょうか？
どうやって斎場を選ぶのか？
葬儀式場は、一般的にどのような基準で選べば宜しいでしょうか？
斎場を選ぶポイントを教えてください。","葬儀式場をお選びになる理由は様々だと思いますが、ご会葬者様の交通の利便性やご自宅からの距離などを考慮される方が多いです。また、上記の理由だけではなく、ご担当者の対応や葬儀の内容を確認して決めることをお勧めいたします。
"
セレモニーに問い合わせ・事前相談をしたい場合、電話とメール以外に方法はありますか？,事前相談は、各ホールにて受け付けております。また、ご自宅にお伺いすることも可能です。
セレモニーでは葬儀の後のことも相談できますか？,葬儀終了後、当社コンシェルジュが葬儀その後にすべきご案内をさせていただきます。法要などで必要なお香典返しや相続手続きなどのご相談があれば相談内容によりその都度お手伝いをさせていただきます。
"葬儀で使うお花に決まりはありますか？菊以外で考えています。
生花は菊以外でもいいんですか？",特に決まりはございませんが、葬儀内容によってはお花の種類が統一されていることがございますので注文時にお問い合わせください
"葬儀の供花をセレモニーに注文する場合どのようにしたらよろしいのでしょうか？
供花を送りたいんだけどどうしたらいいの？",各ホールへご相談ください。
"今年父が亡くなりました、お盆は今年の夏ですか？
今年の初めに、父が他界いたしました。新盆は今年の夏でよろしいのでしょうか？
新盆はいつ
6月に亡くなった場合、今年の8月がお盆になりますか",一般的にはお盆までに四十九日が過ぎない場合は、翌年のお盆が新盆となります。 この考え方には新盆と通常のお盆の違いはありません。亡くなってから四十九日の旅を終えて初めての里帰りです。旅の途中で引き返して帰ってくることはありません。
"希望の戒名があるのですが、好きな戒名を付けることは可能でしょうか？
戒名を自分でつけることは可能か？
戒名を自分でつけてもよいか？",お寺様をお呼びされての葬儀でございましたら不可能かと思います。菩提寺様へご相談されてみてください
"先日父が亡くなりました。喪中は仏壇の扉を開けてもいいのでしょうか？
家族が亡くなった場合、自宅にある仏壇の扉は閉めるものですか？開けておいても良いのですか？","これも諸説あり、浄土宗、浄土真宗、日蓮宗、日蓮正宗といった宗派は、「ご本尊に対して手を合わせる」ため仏壇は開けておくというケースが多いようです。菩提寺に確認するのが一番良いでしょう。
"
私はキリスト教徒、旦那は仏教です。夫婦で信仰が異なる場合、どちらかが亡くなった時同じお墓に入れるのでしょうか？,"本来、お墓については宗教が異なるという理由で一緒に埋葬してはいけないという規定はございません。
また、宗教不問の墓地であれば、埋葬する人の宗教は問われず、夫婦で異なる宗教であっても一緒のお墓に入ることが出来ます。"
"自分たちは仏教徒だと両親から言われていたのですが、私自身は宗派にこだわりがありません。どのような形の葬儀葬式が可能でしょうか？
無宗教の場合はどの葬儀形態を選べば良いですか？",日本では仏式の葬儀が一番多いですが、葬儀の宗旨についてはご家族様としっかりとご相談をさせて頂きます。
"初めてキリスト教式の葬儀に参列します。葬儀に数珠を持っていく必要はあるのでしょうか？
キリスト教の式に念珠を持って行ってもよいのですか？",キリスト教の葬儀では数珠は不要です。
"キリスト教の場合、四十九日法要のような行事はありますか？
キリスト教でも法要はあるのですか",カトリックは追悼ミサと言われ故人が亡くなった日から3日目、7日目、30日目に遺族や故人と親しかった人を招いて行われます。その後は、一年に一度の命日に規模の大きい追悼ミサを行う習慣があり、1年目は特に盛大に行われます。プロテスタントは故人を追悼する儀式を「記念式」と呼び、亡くなってから一ヵ月目を召天記念日として行い、それ以降は特に決まりはありません。
"お葬式がキリスト教の場合、香典の表書きはどうしたら良いのでしょうか？そもそもお香典はお渡ししてよいのでしょうか？
キリスト教の葬儀に出席します。お香典はどのように持っていけば良いでしょうか？
キリスト教式に参列をするのですが香典の表書きは何と書けばいいのでしょうか？",香典については同じように考え、表書きは「御霊前」「御花料」(共通)「御ミサ料」(カトリック)とし、香典袋についてはユリの花や十字架の描かれたものがキリスト教専用になります。
浄土真宗の方の葬儀の場合、「即身成仏でありご霊前というものはない」とに聞いたのですが、浄土真宗の葬儀の時は香典の表書きはなんと書いたらよいでしょうか？,浄土真宗は霊魂不滅や輪廻転生の考えを採っておらず、「御霊前」は使用しないため、「御仏前」ないし「御香典」が無難です。
"形見分けはどこまですれば良いのでしょうか？
形見分けはいつ頃、どのようにするのですか？",形見分けは、49日の忌明けぐらいから親族や故人と親しかった人たちと行います。形見分けをする前までに遺品整理を行っておくのが一般的です。
"一周忌の法要にお供物を準備したいのですが、何を準備すれば良いでしょうか？
法要時に用意する供物はどんなものでいくらぐらいのものがいいのか",招かれる立場であれば、お供え物持参するときは、だいたい目安として５０００円から１５０００円くらいの品物を選ぶようにします。法要を行う場所が葬儀社の式場であれば法要時の商品があります。金額的に合わなければ持参しても良いでしょう。
忌明けのはがきを投函する際に注意すべき点はありますか？六輝を気にしたほうが良いですか？,投函時期などは到着日がいつになるかわからないですし、特に気にする必要はないかと思います。
十三回忌法要に参列しますが、御仏前を渡す際にどのように挨拶すれば良いでしょうか？,「本日はお招きをいただき、恐れ入ります。ご一緒にご供養をさせていただきます。」、「本日はお招きにあずかり恐縮です。」と挨拶した後、「御仏前にお供えください。」または「心ばかりですが仏前にお供えください。」とお渡しするのが良いかと思います。
亡くなってから11年経つと何回忌になりますか？,11年後は十二回忌となりますが十二回忌では法要は特に行いません。 法要は、一周忌 、三回忌、七回忌、十三回忌、三十三回忌 の5回執り行うのが一般的です。
"無宗教でお葬式を行った後、仏壇はどのようにしたらよいのでしょうか？
無宗教で葬儀した場合でも仏壇は必要ですか",仏壇や位牌は仏式の先祖供養のために必要なものです。無宗教で葬儀を行った場合に家族は先祖供養をどのように考えるのか、また一切考えないのか。ご自身で決めて頂く事柄です。
"無宗教でお葬式を行った後、お墓などはどのようにしたらよいのでしょうか？
無宗教葬では、納骨（お墓）はどのようにするのですか？
無宗教でお寺がないので遺骨はどこに納めたらよい
無宗教葬を行った場合、納骨はどうするのですか？",無宗教の方は墓地を決める際、宗旨が限定されるお寺の霊園は避け、宗旨問わず・無宗教可の霊園を選ぶとよいでしょう。墓石のスタイルに決まりはありませんので、自由に選ぶことができます。
"神道のお葬式をあげる際、特別に必要なものがあれば教えてください？
神式の際は、何を用意すればいいのか。
神道のお葬式に必要なものはなんですか？",現在は葬儀社でほとんど必要な物は用意をしていただけます。自宅安置の場合、自宅の神棚に神棚封じを行い、枕飾り(白木の机の小台を用意し、故人が好きだった食べ物や水、塩、洗米など)を飾ります。
"神道でのお葬式を考えていますが、仏教のような戒名はありますか？
神道に戒名はありますか？",神道の場合は、戒名はありませんが、同じような意味を持つ諡(おくりな)というものがあります。
"神道のお葬式で私たちが行う作法にはどのようなものがありますか？
神道葬の作法を教えてください。",お焼香の代わりに神道では玉串奉奠の作法がございます。こちらは式場にてご案内いたします。また式中に斎主や司会者のアナウンスに合わせ起立、着席、低頭などを何度か行っていただくこととなります。
"菩提寺が実家のある四国にあるのですが、葬儀の際はどのようにしたら宜しいのでしょうか？
菩提寺が地方なので葬儀のとき、どうしたら良いの？
菩提寺が遠方の場合、どうすればいいですか？",菩提寺が地方でも一方は必要です。お越しになられ宿泊先等の提案も可能です。
家族のみで葬儀をする場合でも、宗教儀礼は行うべきでしょうか？,形式が家族葬であることと、宗教儀礼に沿った葬儀にすることは関係ない為、無数教なのか宗派に沿った式にするかはご家族のご意志による部分です。
"家族のみでお葬式を行いたいと思っています。家族葬は何名くらいで行うものなのでしょうか。
家族葬って何人ぐらいを言うの？",家族葬の正しい定義はありません。一般的には家族・親族で行う葬儀と言われております。特に人数の決まりもありません。
"家族葬と密葬は同じですか？違いを教えてください。
家族葬と密葬は違うのですか？
家族葬と密葬って違うの？
密葬と家族葬の違いってなんですか
家族葬と密葬の差は何ですか？",家族葬の正しい定義はありません。一般的には家族・親族で行う葬儀と言われております。密葬とは、近親者で葬儀を行った後に、後日、本葬として一般の方をお呼びする方式です。
派手にしたくないので、家族葬を考えています。何か心がけることはありますか？,遺族がどの範囲に声を掛けるかが重要です。予め連絡する範囲を決めておくと進めやすいでしょう。 また、家族葬で執り行ったあとに、故人を慕う方々が自宅にお参りに来られたり、対応が負担になる事もあるので注意が必要です。
"最近家族葬が多くなったとニュースなどで聞きますが、家族葬のメリットは何ですか？
家族葬のメリットはなんですか？",ご家族・ご親族のみであれば人数が予想しやすく、予想外の会葬者がいない為、追加料金に対する不安がなくなり予算も抑えられます。また、一般会葬者へのご挨拶等も当日、ゆっくりお別れをすることができます。
近所にお住まいのご主人様が亡くなっていたことを葬儀の後にしばらくしてから聞きました。お悔やみの方法としてベストな方法を教えてください。,訃報を聞き、何かして差し上げたいというお気持ちがあれば、香典と供花を持参して、お悔やみを述べるようにすると良いでしょう。弔問するお宅のこともありますので、必ず事前に電話など連絡をいれてから弔問するようにします。
実の娘の夫の祖父が亡くなりました。家族葬とのことで参列は控えるようにと伝えられましたが、マナーとして行うべきことを教えてください。,訃報の連絡をいただいたのであれば、5千円～1万円のお香典を送られるのが良いと思います。
家族葬は全体の何割ぐらいでしょうか？,最近は増加傾向にあり、3～4割程度あるといわれています。
"会社同僚のお母様が亡くなって、葬儀が終わってから訃報連絡が回ってきました。気持ちだけでも伝えたく、何かをおもちしたいのですが、どのような形が良いでしょうか？
香典をお渡ししていないので、何か代わりのものをお渡ししたいと考えてますが、どうするのが一番良い方法でしょうか？",香典をお渡ししてしまうとかえって気を遣わせてしまうこともあるため、お返しのいらない形としては、お線香やお花をお送りすることが良いと思います。
友人のお母様の葬儀ですが、家族葬で行うといわれました。参列は控えるべきでしょうか？,そのような決まりはございませんが、念の為参列前に葬儀式場へお問い合わせください。
家族葬で執り行う場合に、香典のみお渡しするのはいかがでしょうか？,訃報連絡の際、ご辞退される旨が伝えられていなければ、お渡しするのが良いでしょう。事前にご辞退の旨聞いている場合には、お渡しするのが逆に失礼にあたる場合があります。
"家族葬に定義はありますか？
家族葬ってどんな形の事を言いますか。",家族葬の正しい定義はありません。一般的には家族・親族で行う葬儀と言われております。
"関係の悪い親戚がおり、本当に家族のみで行いたいと考えています。
兄妹のみで家族葬を執り行いたいと考えてます。親戚はどのように断れば良いでしょうか？",家族のみで執り行うことで、ご親戚との関係が更に悪くなる可能性があるため、訃報をお伝えしたうえで、「遺言で家族のみで」と言われてますので参列はお控えくださいとお伝えするのが良いと思います。
社員のお父様がお亡くなりになられて「家族葬」で執り行う旨の訃報連絡がありました。この場合に、供花や弔電は出すべきでしょうか？,供花やお香典をご辞退されている場合もございますので、直接お聞きするか、担当する葬儀社にお聞きになるのが良いと思います。
家族葬で行うと連絡がありましたが、参列したい場合はどうしたらよいでしょうか？,家族葬の内容によっては、参列可能な場合もございますので、念の為ご遺族の方や葬儀式場へお問い合わせください。
"家族葬の費用について教えてください。 通常どの程度かかりますか？
家族葬は幾らぐらいかかりますか？",費用は日程や規模、場所により異なります。詳しくは事前相談などをご利用ください。
家族葬は一般葬よりは費用を抑えて出来るのでしょうか？,参列する方を制限するので、料理や返礼品などの負担が減りますが、その分香典収入が減るので、必ずしも安いとは言い切れません。
私の親が亡くなった場合には、兄妹のみで家族葬を執り行いたいと考えてます。親戚に訃報を伝える場合には、逝去後すぐが良いのか、葬儀が終わってからか教えてください。,どうしてもご親族に来てほしくないのであれば、葬儀後にお伝えするのが良いと思いますが、その場合ご親族ともめてしまうこともあるため、訃報をお伝えしたうえで「遺言で家族のみで」と言われてますので参列はお控えくださいとお伝えするのが良いと思います。
"家族葬でお葬式を行うことに何かデメリットはありますか？
家族葬のよくない点は？
家族葬のデメリットはなんですか？",家族葬で遺族と親族のみで葬儀を行った場合、親しい方が故人様と最後のお別れが出来なくなります。後から不幸を知った方が自宅に会葬に来ますのでしばらくは自宅から離れられないという話も聞きます。
"家族葬でお葬式を行う際どのような注意が必要でしょうか？
家族葬を行う際の注意する事は？",家族葬で執り行ったあとに、故人を慕う方々が自宅にお参りに来られたり、対応が負担になる事もあるので注意が必要です。
家族葬にしたいのですが、友人やご近所の方々へはどのように告知したらよいのでしょうか？,友人・知人、ご近所、会社関係の方々には葬儀前にお電話かファックスなどで「家族葬となるため、参列はお控えください」といった内容で お知らせすると良いでしょう。
"家族葬でお葬式をあげた場合、香典や供花をいただいてもいいのでしょうか？よく香典や供花は辞退とききます。
家族葬で香典や供花を、いただいてもよろしいのでしょうか？",家族葬の場合でも、香典や供花はお受け取りいただいても差し支えございません。故人様へのお気持ちでお持ちいただいたものですので、快く受け取られることをお薦めいたします。
"セレモニーの料金は他の葬儀社に比べ高いのですか？
セレモニーの葬儀は他と比べて高いと言われているけれど、どうなんですか？",葬儀社によって価格設定はまちまちです。全ての葬儀が高いわけではございませんので、ご予算に合わせたご葬儀のご提案をいたします。
映画「おくりびと」で納棺師という仕事を知りました。納棺師は実際にはどのような事をしてくださるのでしょうか？,湯灌を行った後、整髪や髭剃り、ラストメイク(エンゼルメイク)などを施し、経帷子やお好きなお召し物に着せ替えをします。
葬儀で白黒の幕を貼るのには、何か意味があるのでしょうか？,鯨幕といい、昭和初期頃に葬儀業者が慶事の際に用いられる紅白幕との対比で、弔事に用い始めたと言われています。
葬儀では必ず白黒の幕を貼らなくてはならないのでしょうか？,必ず使用しなくてはならないというものではありませんが、宗派やその土地のしきたりによっても変わるため、念の為、葬儀業者や地域の人に聞くのが良いでしょう。
"葬儀が終わった後、故人の使用していたお茶碗を割る意味は何ですか？
出棺の時、お茶碗を割るのは何故ですか",故人が生前中に使っていたお茶碗を割ってしまうことによって、「この世にはもうあなたが使うお茶碗はありません。戻ってきてももうご飯は食べられませんよ。だからあの世へ安らかに旅立っていって下さいね。」ということを伝えているのです。
"故人へのお供えで、お茶碗に山盛りのご飯を盛り、真ん中にお箸を立てる意味は何ですか？
祭壇の上にお供えしているご飯の箸はなぜ立てるのか？",山盛りのご飯は「おかわりがない」ことを意味しており、お箸を立てる形はお墓に墓標を立てた形から来ているといわれています。また、亡くなられた方のものと分かるように、忌みのかかったものだというサインであるといわれています。
六文銭は本当のお金を準備するものですか？,最近は火葬の際に燃えやすいよう、六文銭が印刷された紙を使用するため、実際のお金は不要です。
"亡くなった母に、生前使っていた化粧道具でメイクをしてあげたいのですが、可能ですか？
故人(女性)が使用していた化粧品を使って欲しい",問題ございません。担当者へご相談ください。
お葬式が終わり、納骨までの流れを教えて下さい。また、どのような準備が必要ですか？,まずご親戚やお寺様と相談し、四十九日法要の日時・会場を決め、出席者へご連絡します。法要後納骨される場合、早めに石屋さんに納骨日時を連絡し、墓石への刻字などを依頼しましょう。本位牌の手配、間に合うようであれば仏壇の購入も必要です。
散骨を希望しているのですが、特別な許可は必要なのでしょうか？,特別な許可は必要ありませんが、ご遺骨は必ずパウダー化(粉末化)しなければならず、散骨可能なエリアは法律で決まっているなど、モラルとマナーを守る必要があります。
自宅での安置を希望しているのですが、腐敗などが心配です。最大、何日までであれば自宅での安置は可能なのでしょうか？,自宅でのご安置は故人様を考え、長くても３日間位のご安置をお勧めいたします。
"故人が好きだった料理を手作りして、会葬者に召し上がっていただくことはできますか？
お通夜の料理に、故人が好きだった物は入れてもらえますか？",衛生上の関係で葬儀場への食事の持込みは出来ない場所が多いです。
"自宅葬を検討していますが花葬儀では対応可能ですか？
自宅で式をすることは可能でしょうか？
自宅で葬儀を行いたいのですが、可能ですか？
自宅でも葬儀は可能か。またマンションやアパートでも可能なのか。",対応可能です。ただし、自宅の造りやスペース、参列者数、周辺の道路事情などによっては出来かねる場合もございますので、詳しくは担当者にご相談ください。
両親の式で、初めて喪主を務めます。喪服は無地のものでなければならないでしょうか？色も黒のみでしょうか。,どうしても用意が出来ない場合は紺などの黒に近い色合いや目立たない色であれば差し支えありません。ただし、ご両親の式で喪主をお勤めになるのであれば、黒・無地のスーツをご用意された方が良いかと思います。
弔電を読む際ですが、「拝読」という言い方と「奉読」という言い方はどちらが適切なのでしょうか？,ご遺族がいただいた弔電をお読みになる場合には、自分を低めて言う「拝読」を使います。「奉読」は相手を高めて言う言葉ですので、葬儀社が読む場合に使用します。
故人を布団に寝かせている時、葬儀社の人が顔の上に白い布をかぶせましたが、あの布の名前は何ですか？,「顔かけ」「打ち覆い(うちおおい)」「面布(めんぷ)」と呼ばれています。
"「死体」と「遺体」は明確な違いはありますか？どのように使い分けているのでしょうか？
死体と遺体の違いはなんですか",死体は「死んだ体」という、ひとつの物体として扱った客観的表現であるのに対し、遺体は「魂が去って遺された体」という、一個人の人格を含めた主観的表現になります。身元が分かった時点で「死体」から「遺体」と名称を変える場合が多いです。
"遺体を安置する際、自宅の座敷の屏風を逆さにしなさいと祖父に言われました。何故、逆さまにたてるのですか？
逆さ屏風に付いて教えて下さい",屏風の絵柄が天地逆になるように故人の枕元に飾ることで、常と反対の作法を行い、通常の生活には存在しない”死”というものを意識し、死者の世界と日常を区別するためだと言われています。
対象者の容体が悪化しているのですが、なんとなく葬儀がお盆の時期にかぶりそうです。お盆の13～16日などにお通夜や告別式を行うものですか？,お盆の時期でも火葬場は開いておりますので、お通夜告別式を行うことは可能です。
親戚から、葬儀は普通翌日にするもので、人が亡くなってから時間をあけるなんて変だと言われました。式場の関係で1週間後に葬式なのですが変ですか？,時期によっては火葬場の混雑状況や斎場の空き待ちにより、数日空くのも珍しいことではありません。
社葬で受付を任されました。女性の身だしなみは、普通の葬儀と同じ感じで大丈夫でしょうか？,大丈夫です。通常の葬儀と同様、喪服に黒のストッキング、薄化粧、長い髪は束ねることが基本となります。また、ご遺族側の立場で立ちますので、言葉使いや振る舞いにはご注意下さい。
納棺の際、遺体には死に装束を着せると聞きましたが、幼児や小・中学生の場合でも、伝統的な白い死に装束を着せなければいけませんか？,原則的に、子供の場合も死装束を着せますが、お子様のお気に入りのお洋服、着せてあげたいお洋服があればご両親のご希望を優先いたします。
無宗教での葬儀を検討しています。具体的にはどのように葬儀を行えば良いでしょうか？,特別な手続き等は必要なく、特に決まりなどもないため、葬儀の内容を自由に決めれますので、葬儀担当者としっかりとした打合せを行いましょう。
家族だけで、誰にも知らせたくないと考えているのですが、新聞のおくやみ欄で載ってしまうのでしょうか？,おくやみ欄の掲示は、ご遺族の希望で掲載を止めることが可能です。
葬儀当日が悪天候でも対応できますか？,対応可能です。
式をしない葬儀があると聞きました。火葬式と呼ばれるようですが、火葬のみでも葬儀が出来るんでしょうか？,可能です。葬儀式を行わず、火葬のみを行う火葬式があります。
"自分の両親の葬儀は家族葬にしたいんだけど、どうすればいいの？
家族葬でするにはどのようにしたら良いのでしょうか",家族葬で執り行うには、遺族がどの範囲に声を掛けるかが重要です。予め連絡する範囲を決めておくと進めやすいでしょう。
"よい葬儀とは、一般的にはどのようなものでしょうか？教えてください。
よい葬儀とは、どのようなものでしょうか？
よい葬儀とはどのような葬儀ですか",遺族の受け止め方によると思いますが、喪主様はもとより、参列者の方々に喜んでいただけることが大切と考えます。
一般的な葬儀の流れを教えてください。,セレモニーのHPに葬儀の手順がございますので、そちらをご覧下さい。http://www.sougi.info/nagare?section=seizen_soudan
 一日葬＝密葬＝家族葬なのでしょうか？,1日葬は通常2日間で行う通夜・告別式を1日で行うお葬式となります。家族葬は一般的には家族・親族で行う葬儀と言われており、密葬は近親者で葬儀を行った後に、後日、本葬として一般の方をお呼びする方式の為、全て同じというものではありません。
一日葬の場合会社の方にはなんと言えばいいのでしょうか？,告別式の時間をお伝えいただければ良いと思います。
密葬と家族葬の違いとは？,密葬とは、近親者で葬儀を行った後に、後日、本葬として一般の方をお呼びする方式です。家族葬の正しい定義はありません。一般的には家族・親族で行う葬儀と言われております。
遺骨の色が白くありませんでした。色がつく場合はどのようなことが考えられますか？,お棺に入れられたものの色が移ってしまう場合や投薬による影響や、体内の成分が化学反応を起こしているなど様々な説が挙げられています。
大規模な葬儀に参列します。どの程度の時間がかかりますか？,参列者数にもよりますが、式場の外まで並ぶなど一般の葬儀よりも待つことがありますが、基本的には受付や焼香台を多く設けるなどして時間調整をすることがほとんどかと思います。
大規模な葬儀に参列します。お焼香はできますか？,よほどのことがないかぎり、お焼香は可能です。
お供物、ご供花、お香典の辞退と記載された社葬の案内がきました。どうすればよいですか？,ご辞退の案内が出ている場合には、参列だけしてお気持ちをお伝えすれば良いかと思います。
葬儀の際の数珠はお葬式の宗派に合わせなければいけませんか？,ご自身の宗派の数珠でよろしいかと思います。参列されるお葬式の宗派に合わせる必要はありません。
キリスト教の葬儀に参列します。服装はどのようなものになりますか？,通常のご葬儀と同様にお考えいただいて良いと思います。実際にはキリスト葬の正装とされる服装もございますが、現在は略式とし通常の礼服、フォーマルドレスで参列をされています。
通夜やお葬式をやらない家ってありますか？,火葬のみでお葬式を済ませる方もいらっしゃいます。
火葬だけで済ませたいと思っていますができるのでしょうか？,可能です。セレモニーの火葬式ではお別れの時間を大切に考えており、お別れ花をお棺にお納め頂いてお別れをして頂いてから出棺する場合が多いです。
火葬だけで済ませたい場合でも故人を乗せる車は用意しないとダメですね。,お棺が安定して入るスペースがあれば自家用車でも可能ですが、霊柩車を手配することも可能です。
"菩提寺がありますが無宗教での葬儀を希望しています。無宗教でお葬式をあげることはできますか？
菩提寺がありますが、無宗教葬をすることはできますか？",菩提寺がある場合、勝手に無宗教葬で葬儀を行ってしまうと後々納骨できなくなるなどのトラブルが起こる場合もありますので、ご親族皆様でしっかりとご相談を行って下さい。
"宗教者を呼ばない無宗教のお葬式ではどのようなことをするのでしょうか？
無宗教葬はどのような流れで進行するのでしょうか？
無宗教葬では、どんな儀式をするのでしょうか？",無宗教葬は自由な葬儀で、特に決まり等ございませんので、「音楽葬」など様々な形式の無宗教を執り行っております。ご遺族によって送り方も様々ございますので、事前のご相談をおすすめいたします。
我が家は神道です。神道のお葬式でもお通夜・告別式を行うものなのでしょうか？,全体的な流れはあまり仏式と変わりありません。通夜祭や遷霊祭と呼ばれる通夜式、葬場祭と呼ばれる告別式を行います。
"火葬式でも戒名はいただけるのでしょうか？母が戒名くらいは付けてあげたいと言っているのですが。
戒名をいただきたいのですが、火葬式でも戒名をいただくことができますか？",火葬式の場合も読経や戒名のご手配は可能です。火葬場にてご読経・授戒いただくこととなります。
父が会社の代表を務めており、現職のまま他界しました。必ず社葬を執り行うものなのですか？,ご葬儀の規模や内容は様々ですので、葬儀形式に必ずという事はございません。
"予想より参列者数が少なかった場合、やはりデメリットはありますよね？
予想人数を下回った場合、どんなデメリットがありますか？",用意していたお料理が無駄になってしまったり、お香典の金額が減ってしまうため、ご遺族のご負担が増えてしまう点があります。
"予想より多くの参列者がいらっしゃった場合、対応はできるのですか？
予想以上に参列者が来た時は、どのように対応するのですか？
予想していたよりも会葬者が多かったときは、どう対応すればいいのですか？",ご遺族の予定を大幅に超えた場合、料理や返礼品不足になります。料理が仕出しの場合は間に合いませんので、一般の方に親族分を出したりします。返礼品は追加をしますが、間に合わない場合は、１件１件郵送にて手配をする場合もございます。
高齢者なのでごく少人数（６名）でお葬式を行おうと考えているのですが、相談にのっていただけますか？,人数に関わらず、セレモニーの式場をご利用いただけます。また、家族葬専用式場を備えている施設もございます。是非ご相談ください。
参列者の多いお葬式は、参列者へのご挨拶など気苦労が絶えないと聞きました。周りの皆様には、ごく近しい身内だけでお葬式を行った後に、亡くなったことをお知らせをしようと考えていますがいかがでしょうか？,お葬式後にお知らせすると、故人を慕う方々が自宅にお参りに来られたり、対応が負担になる事もあるので注意が必要です。
葬式の時に出して頂いた供花代は四十九日後に、半返しするのがマナーでしょうか？,お礼状を送り感謝の気持ちを伝えるのがマナーとなります。御礼をする時期に決まりはありませんが、あまり遅くなるのは相手に対して失礼となりますので、葬儀が終わり、出来るだけ早い時期に出すようにしましょう。
お通夜と告別式の受付で何か変わる点はありますか？また気をつ けたほうがいい点はありますか。,通夜と告別式の受付に大きな違いはありません。葬儀社の方が当日説明してくれますが、ご遺族側の立場で立ちますので、言葉使いや振る舞いにはご注意ください。
喪に服すってどういう意味なのでしょうか？,亡くなった方のご親族が一定期間、慎んで行動することを言います。
"通夜は亡くなってから何日後に行いますか？
亡くなってからお通夜まで、どのくらい時間が空くものですか？
お通夜は亡くなった日にするものなのでしょうか？",一般的に、亡くなった翌日または翌々日に通夜を行い、通夜の翌日に葬儀・告別式を行います。葬儀・告別式が友引になるのを避け、ご家族のご意見と寺社などの都合・火葬場の予約・式場日程も確認の上、相談させていただきます。
お葬式をしない場合はどうすればいいのですか？うちの親は、自分が死んでも葬式をしてほしくないといってます。どうしたら良いでしょうか？,葬儀(儀式的な事)は行わず、火葬のみを行う火葬式やお別れ会などの方法もございます。
三人兄弟の次男がなくなりました。両親は離婚し父親は別の家庭を持っていて母親も再婚しています。兄は結婚、妹は未婚、無くなった当人は独立生活妻帯者無し子供なしです。このような場合、誰が喪主をするのが適切でしょうか？,このような場合、一般的にお兄様が喪主をされる事が多いと思います。
葬儀社とは、どんなことをサポートしてくれますか？,葬儀に関する一切の業務を承っております。
事前に見積もりを取っていても良いのでしょうか？,事前相談は、お客様の希望に合わせて対応いたします。生前相談、見積りに費用は一切掛かりません。ご不安な事がありましたら、何なりとご相談ください。
主人の母が亡くなったので、着物の喪服を着ようと思っています。私一人しか着ないんですが大丈夫でしょうか？,他の参列者とのバランスを考慮しましょう。近年では、動きやすいように洋装で参列するケースが多いようです。親戚の方などにアドバイスを求めると良いでしょう。
主人が亡くなり、葬儀は終わったのですがまだ戒名をいただいていません。それでも位牌は作れますでしょうか？,俗名でもお位牌を作る事が可能です。お名前を彫らずに塗り位牌で作られると、後々戒名をいただいたときに、作り直さず、お位牌に戒名を彫ることができます。
"病院では指定の葬儀社にお願いするものだと聞いたのですが？本当ですか？
病院から紹介された葬儀社に依頼しないといけないのか",決してそんなことはございません。各ホールにて事前相談を受け付けておりますので、一度ご希望のホールまでご連絡ください。
自宅の二階に寝かせたいのですが、可能でしょうか？,間口の広さなどによって可能かどうかを判断することになると思います。ご依頼の葬儀社の担当者にご確認いただくのが良いでしょう。
柩に入った状態でないと、搬送してもらえないのでしょうか？,特にそういった決まりはございませんが、ご遺体の状態によってはお柩に納めて搬送されることをお勧めいたします。
車が苦手なんですが、絶対に同乗しなくては駄目ですか？,そういった場合には無理に同乗されなくても大丈夫です。
親戚の三回忌が年明け（1月4日）にあったはずなのですが連絡がなく行っていないようなのですが、三回忌の日程をすぎて行う事はあるのでしょうか？,年末年始など、時期的に難しい場合は法要をずらすこともございます。11月末か12月頭、もしくは年明け1月後半から2月頭に行うようです。
"安置所に面会に行きたいのですが可能でしょうか？
安置している間、故人と会えますか？また付き添うことは可能ですか？",安置している斎場によって異なりますので、お問い合わせいただくと良いと思います。
お通夜後に寝ずの番は市営斎場でも可能でしょうか？,斎場によってことなりますので、お問い合わせいただくと良いと思います。
遺影写真ですが、気に入っている写真ではありますが、髪型や服の乱れなどで遺影写真として提出できる良いものが見当りません。,遺影には、お顔がはっきり写っていて、正面を向いているものが良いと思います。遺影写真の加工は社内の専門部署へと依頼しますので、お気軽にご相談ください。
"位牌は必ず用意しなければならないのでしょうか
位牌は必ず用意するものなのですか？",仏式の葬儀時には、白木の位牌を用い、四十九日忌までに本位牌を作るのが一般的です。浄土真宗では作らない場合もございます。また、無宗教で葬儀をあげられた方は必要ございません。
またどの位牌が一般的ですか？,仏式の葬儀時には、白木の位牌を用い、四十九日忌までに本位牌を作るのが一般的です。
"俗名を位牌に入れてもらうのはおかしいでしょうか？
俗名でも位牌は大丈夫ですか？",近年では俗名でも珍しくありませんので、大丈夫です。お気軽にご相談ください。
通夜ぶるまい・精進落とし・直会・お斎は何が違うのですか？どれも通夜、あるいは告別式のお食事を指すのではないのでしょうか？,仏式では通夜告別式で名前がかわります。「通夜振る舞い」「精進落とし」といい、浄土真宗の場合は「お斎」と呼びます。また、神式はどちらも「直会」といいます。
神棚があります。喪中は仏壇のように扉を閉めることができませんが、どのように穢れを避ければいいのですか？,扉を閉めることができない場合は、神棚の中央に半紙を一枚たれ下げることで、神棚を封じ、けがれをさけることになります。
後飾り檀に備えなければならない供物などありますか。,"お水・温かいお茶をお写真の前に用意し、朝晩変えて差し上げて下さい。
お供え物も供えられるようであれば供えると良いでしょう。"
赤いお花を使っていたり、バラのような色・花は葬儀にとってマナー違反ではないのですか？,昔の風習では使うことは許されませんでしたが、現代では気にされずにお好きな花で飾ることが受け入れられています。
どこのお墓に入るかは自分で決められるのですか？,ご本人で決められますが、墓所の所有者の了承が得られなければ埋葬することは出来ません。
"菩提寺になるお寺が好きではありません。お墓をべつの場所に作ることは可能ですか？
菩提寺には納骨をしたくないのですがどうすればよいですか？",菩提寺に相談し、了承を得て下さい。
お墓の持ち主が行方不明です。どのように手続きをすれば、そのお墓に入れますか？,個人情報の兼ね合いで情報を教えていただけない可能性もありますが、霊園・お寺にある管理事務所等で墓所所有者を管理されていると思われますので、まずは管理事務所にご確認ください。
"自宅の庭に骨壺を埋めても良いですか？
遺骨を庭に埋めるのか可能でしょうか",埋めることはできません。墓埋法という法律があります。「墓地、埋葬等に関する法律」（昭和23年制定）第4条「埋葬又は焼骨の埋蔵は、墓地以外の区域に、これを行つてはならない。」 とあります。
"骨壺を持って、国際線の飛行機に乗ることは出来ますか？
海外に遺骨は持ち込めますか",ほとんどの航空会社で手荷物の扱いで機内持ち込みが可能です。  
骨壺を持って、国際線の飛行機に乗る時に何か手続きは必要ですか？,ご遺骨の証明書が必要になりますが、国によって書式も異なりますので、現地の日本領事館か利用予定の航空会社に直接お問い合わせ下さい。 
予算がなく、３万円でお経を唱えて頂けるお坊さんはいますか？,菩提寺がある場合は、直接お尋ね下さい。菩提寺がない場合で、当社寺院紹介システムをご利用の場合はお問い合わせ下さい。0120-41-1147
事前に葬儀の相談をしたいんだけど、どうすれば良いでしょか？,セレモニーでは、無料で「事前相談」「事前見積」を承っております。当社葬祭ディレターが丁寧にご説明いたします。フリーダイヤル0120-41-1151
分家で付き合いのあるお寺が無いのですが、どのようにすれば良いでしょうか？,分家や新たにお寺を探す場合は、本家やご親戚の方などに相談し、宗旨を決定するのが一般的です。万が一決まらない場合は、当社の寺院紹介システムをご利用下さい。
香典の領収書はもらえますか？,葬儀会社の担当者にご相談ください。
"代表として参列した場合の記帳の仕方はどうしたら良いでしょうか？
グループを代表して葬儀に出席しました。受付ではどう記せばよいのでしょうか。",複数名の代表として参列する場合は個人のお名前ではなく、グループ名を書き、その下に小さく「代表」の文字と代表者の名前を書き添えれば、芳名帳を整理する際、故人との関係も分かりやすく親切です。
葬儀費用はどこまで経費にできるのですか？,一般的には、通夜と葬儀に要した葬儀費用、食事費用、読経、戒名などは経費とすることが可能だと思います。
"遺体を田舎まで搬送したいのですが出来ますか?
遠方にある田舎に帰してあげたいのですが、手配してもらえますか？",ご遺体の状態にもよりますが、一般的に遠距離搬送は可能です。
返礼品にこだわりがあるのですが、相談は出来ますか?,セレモニーではお持ち込みはご遠慮いただいておりますが、数多くの返礼品を取り揃えてございますので担当者へご相談ください。
主人が、出張先のホテルで急死しました。どうすればよいでしょうか？,現地の病院または警察等で、死亡診断書(死体検案書)を発行していただき、指定の葬儀社にご連絡ください。
事前に相談することのメリットはありますか？,事前にご相談いただきご家族で葬儀について決めてあれば、万一の時も慌てず葬儀を執り行うことが出来ます。あらかじめ葬祭場、霊安室などの施設や料理などを見比べ、しっかりとした説明を受けておくともしものときに安心です。
"会葬者が少ないのですが、式場は利用できますか？
少数の葬儀でセレモニーの会場を借りられますか",人数に関わらず、セレモニーの式場をご利用いただけます。
弔問の言葉と禁句などありましたら教えてください？,弔問の言葉は「この度はご愁傷様でございます。」など心を込めながらも手短にします。忌み言葉と言って、縁起の悪さを連想させる言葉は避けます。「重ねる」「重ね重ね」「返す返す」「再び」「くれぐれも」「たびたび」「いよいよ」「追う」などです。
上司の代理で参列し、名刺を預かってきたんですがどうしたら良いですか？,名刺を差し出し「○○の代理でございます。」と告げます。記帳の際には、上司の名前を書き、左下に「代理」と書きます。代理の場合も最後までお見送りするようにしたほうが良いでしょう。
"参列者に、葬儀の日時、場所をどのように連絡をすればよろしいでしょうか？
参列者（お招きしたい方）に、葬儀の日時、場所をどのように連絡をすればよろしいでしょうか？",電話やＦＡＸにて訃報をお伝えし、お越しいただきましょう。
香典を受け取る受付や会計のお手伝いは誰に頼めばよろしいでしょうか？,自治会や友人、会社関係等にご依頼される方が多いです。
"菩提寺があるのですが、火葬式でお葬式をあげることはできますか？
菩提寺があっても火葬式はできますか？",菩提寺の場合、後々のトラブルを防ぐ為、菩提寺や親戚の方に了承して頂くようにしましょう。
献花をする際の作法はあるのですか？？,"①係りの人から花を受取り、花の部分を右手にして両手で受取ります。
②花を持ち、祭壇前に進み一礼します。
③茎が祭壇の方へ向くようにします。
④遺影を仰いで黙とうを捧げます。
⑤遺影に一礼し、向きを変え遺族に一礼します。"
"焼香をする順番ってどうなっているんですか？？教えて下さい。
親戚の焼香の順番を教えて下さい",一般的には、故人様からみて血縁関係の濃い順番となります。
心づけの表書きには何と書けばよいでしょうか？,白の封筒に「寸志」と書きます。お葬式のお手伝いをしていただいた方には「志」と書きます。
"葬儀に参列出来なかったのですが、香典を地方から送りたいと思いますが、どうしたら良いですか？
海外に滞在中に知人の通夜、告別式がありました。香典を郵送したいのですが。",お金を香典袋(不祝儀袋)に入れ、香典袋ごと現金書留封筒入れ、お悔やみ文などのお手紙を添え、送付するのが一般的です。
分骨する場合、事前に手続きは必要ですか？,特に事前手続きは必要ありませんが、埋葬されるのであれば、分骨証明書を担当の葬儀社に依頼してください。また、分骨用の分骨壺も必要になります。
"生け花をするのですが、自分で祭壇を作ることはできますか？
私は生け花をやっています。祭壇飾りを手伝ってもいいですか",葬儀社にお問い合わせください。
"お葬式で流してはいけない音楽はありますか？
斎場の音楽としてＮＧな曲はありますか。",特に決まりはございません。斎場の造りによって制限も御座いますので担当者へご相談ください。
自分たちで骨壺から骨を出し、分骨しても良いのでしょうか。,宗教的にも、もちろん法律的にも問題ありません。
喪服の着物は家紋入りの方が良いのでしょうか。,家紋入りでなくてもかまいません。
"式場に飲み物は持ち込めますか？
通夜・告別式での食事・飲み物の持ち込みはできますか？",衛生上の関係で葬儀場への持込みは出来ない場所が多いです。
４９日をお迎えになられる方が知り合いでいます。通夜にも参列しましたが、その場合何を贈れば良いのでしょうか。,法要近くになりましたら、ご仏前・お菓子折りなど一緒に贈られると良いでしょう。
"遺品の整理をして頂くことは出来ますか？いらないものは処分したいと考えています。
遺品整理はやっていただけますか？",もちろん大丈夫です。お一人で暮らしていた方が亡くなられた場合や処分するものが大量にあり、ご遺族の手に余るときは、遺品整理の代行サービスをご案内いたします。
"事故で２人の身内が同時に亡くなりました。お葬式は１回で良いのでしょうか。
事故の場合で複数で亡くなった場合は葬儀は合同で行うのか？",同じご家族であれば、同時に合同で行う事も可能です。
お線香が好きではありません。通常のお葬式のスタイルで、お線香を使わないで済む方法はありますか？,仏式の場合には献花でも可能ですが、菩提寺がある場合には、事前に相談されることをおすすめいたします。
"お心付けは渡す必要がありますか？
心づけはどうすればいいですか？",受付のお手伝いの方でありましたら１日3000円もしくは5000円をお渡しされている方が多いようです。セレモニー職員には一切不要です。
"湯灌はする必要ありますか？
湯かんは必要なの？",湯灌は必ずしなければいけないものではありません。しかし、宗教的には大事な意味を持つ儀式となります。ご家族で相談して決めましょう。
"火葬場から帰るとき、「道を変えなければならない」と聞きますが、どのような意味があるのですか？
火葬場への行きと帰りで違う場所を通るのはなぜか？",昔からの慣習で、火葬場への行きと帰りの道が同じ場合には、この世とあの世を行ったり来たりして故人が成仏できないと言われています。
私は今妊娠しています。夫の母が亡くなりました。よく「妊婦は火葬場に行かない方がいい」と言われますが、私はどうしても義母にお別れが言いたいです。火葬場にはいかない方がよいのでしょうか？,行っても問題ございません。妊婦さんに関する迷信や俗説など、たくさんありますが、大体は妊婦さんの体を気遣った迷信ばかりですので、担当者へご相談ください。
受付で最近カードタイプの記帳用紙が多いのですが、あのメリットは何ですか？,いただいたお香典の額を記入したり、関係者別でまとめたり、整理が便利です。
受付での記帳はもうノートタイプのものはないのですか？,ノートタイプの場合もございます。ご希望があれば、葬儀社にお伝えいただければ準備可能かと思います。
ホテルでのお別れ会でお焼香をあげることはできるのですか？,ホテルによっては、お焼香ができない場合が多いです。ホテルへの確認もしくは、ご依頼の葬儀社へ確認するのが良いと思います。
遺影写真を小さいサイズに変えたり、すべての写真をまとめたりしたいのですが、可能ですか？,亡くなった方を偲ぶためのものになるため、サイズを変えたりしても問題ありません。ご家族でお決めいただければ良いと思います。
葬儀で知人に受付などの手伝いをお願いした場合、返礼品以外に何か包んだほうがいいのでしょうか？,ご関係によっても多少異なりますが、１日3000円もしくは5000円をお渡しされている方が多いと思います。
葬儀で知人に受付などの手伝いをお願いした場合、お礼の袋の表書きは何と書くのでしょうか？,一般的に表書きは「御礼」または「志」とします。
４９日法要と葬儀とで違うお寺様に頼んでしまうと問題はありますか？,お寺様が菩提寺でなければ特に問題はありませんが、戒名(法名)などをいただいている場合には、同じ宗派のお寺様にお願いされることをお勧めいたします。
"出棺を見送るとき、見送る側の作法は何かあるのでしょうか？
出棺を見送るときの作法はありますか？あれば教えてください。",特に決まった作法はございませんが、ご遺族からのお礼のご挨拶の際は厳粛にして耳を傾けるようにし、出棺時は頭を下げて心からの冥福をお祈りしましょう。
"香典を連名で出そうと思います。その場合はどうすればいいの？
香典を連名で出す場合はどうすればいいの？",一般的には右から目上の方を並べますが、特になければあいうえお順に記入します。4名以上になったり、一人当たりが少額になる場合は「○○一同」などとし、別紙に個人名を記入の上、中に入れます。
"子供を連れて参列する場合、子供の服装はどのようにしたら良いでしょうか？喪服などの黒い服装が良いのでしょうか？
子供を連れて参列する場合の子供の服装はどのようにしたら良いでしょうか？",あれば学生服を着用し、ない場合は地味な洋服や黒っぽい服装をした方が良いかと思います。
"今年、友人のご両親に不幸がありました。ご自宅にお中元やお歳暮は贈っても良いのでしょうか？
不幸があったお宅にお中元やお歳暮は贈っても良いのでしょうか？",お中元やお歳暮は、感謝やお礼の意味で贈るものであり、お祝い事ではありません。したがって、お中元やお歳暮は、贈って良いものです。ただ、忌中の場合は控えた方が良く、仏式では四十九日、神式では五十日を過ぎてから贈ることが望ましいです。
"葬儀と告別式、その違いが分かりません。何が違うのですか？
葬儀と告別式　何が違うのですか?",葬儀は故人を弔う儀式なのに対し、告別式は文字通り「亡くなった人に最後の別れを告げる」儀式です。
"友人のご両親の葬儀に参列したいと考えてます。通夜・告別式、どちらに参列するのが一般的なんでしょうか？
友人の親の葬儀に参列したいと思いますが、お通夜・告別式・・どちらに参列したらよいでしょう？",基本的には告別式に参列するのが良いのですが、最近ではお通夜式にお越しになられる方が増えております。
"一般会葬者だが、どこに座ればいいでしょうか？
座る際の席は、どの辺りすれば良いでしょうか？",一般ご会葬の方はお越しの方より基本的に前方よりお座りいただいております。
一般会葬者ですが、時間がないのですぐ帰りたいと考えております。。失礼にあたりますでしょうか？,お焼香のみでお帰りいただいても問題ないかと思います。
"焼香のやり方がわかりません。
焼香の作法はありますか？
立礼焼香の仕方","①司式者、ご遺族に向かって一礼し、焼香台に進んで、遺影に向かって一礼。
②抹香を右手の親指、人差し指、中指の3本で少しつまみ、軽く頭を下げた姿勢で目のあたりまで持ち上げます。
③香炉の中に抹香を静かに落とします。1回～3回おこないます。
④心を込めて合掌し、冥福を祈ります。
⑤1歩さがって遺影に一礼。さらに、2、3歩下がり、司式者と遺族に一礼して席に戻ります。"
私は浄土宗ですが、浄土真宗・日蓮正宗・創価学会の葬儀に参列した場合、寝かせ線香にしなければならないのですか。,故人様の宗派に合わせ、お線香をあげると良いでしょう。
立てるお線香と寝かせるお線香の違いはなんですか。,宗教・宗派による違いになります。浄土真宗・日蓮正宗・創価学会の場合、お線香を寝かせて香炉に入れる寝かせ線香ですが、それ以外は立ててお線香をあげます。
3～4ヶ月も過ぎたあとは、香典を渡すことは可能でしょうか？香典以外の方法はあるのでしょうか？,「香典」ではなく「御仏前」として包みましょう。
この暑い時期に葬式があるんですが、やはり男は黒いスーツの上着は着ないと悪いんですか？,マナーとして、式場内では上着を着用された方が良いと思います。
お葬式にサングラスをしてくるのは非常識でしょうか？,病気等の理由がない限り、着用されない方が良いと思います。
お焼香をやる場合、２回３回どちらが正しいですか？,宗派により作法や回数が異なります。喪家の宗派もしくはご自身の宗派に合わせた作法でお焼香しましょう。
焼香のタイミングが分かりません。また、何回必要でしょうか？,タイミングは式中にご案内があります。回数は宗派や親族・一般会葬者で異なる場合もございますが、こちらも式中にご案内がある場合があります。
仮通夜と本通夜は、どちらに参列すべきでしょうか？,仮通夜は近親者のみ、本通夜に近親者以外などの一般の方が参列することが多いです。
パンツスタイルの喪服ってありますか？,一定の需要があるため定番品となっており、フォーマルコーナーにあると思います。
社葬には　会社関係者以外でも参列できるのでしょうか？,社葬の場合にも、一般の葬儀と変わりなく参列できると思います。
会社の取引先の社葬に行きますが、その際の記帳は会社の代表者名とすべきでしょうか？,社名を記入し、代表者名の記入は不要です。同じ社内の数名で会葬される場合は、部署名まで記入するようにします。
訃報通知を受け取っていないのですが、葬儀に出席しても良いでしょうか？,基本的に出席いただいても問題ないかと思いますが、家族葬など近しい親族のみでのご葬儀の場合もありますのでご確認された方が良いかと思います。
仕事帰りにそのまま通夜に出席する場合、服装はどうすれば良いですか？,スーツで出席されても構いませんが、ネクタイは黒に変えた方が良いと思います。
法要に招かれたときに持っていくものはありますか？,菓子・果物、花、線香などの供物はすでに用意されている場合が多く、最近は現金を包むことが多いです。
式の途中でも故人とお別れできますか？,出棺の前であれば大丈夫だと思いますが、できるかぎり式開始前までにはお別れを済ませる方が良いでしょう。
香典や供物を持参せずに出席しても良いでしょうか？,お気持ちなので出席は可能ですが、後日お線香などを持参し、ご挨拶に行かれると良いと思います。
訃報の電話がかかってきました、どの様に対応したらよいでしょうか？,特に気の利いた事を言わず、驚いているなどの本心をお伝えいただいた方がよいと思います。また、葬儀の日程や場所など、可能であればお手伝いできることも尋ねてみましょう。
"友人の親が亡くなり、お葬式（告別式）に出席します。香典を渡してお経をあげた後は友人・知人は帰るものでしょうか？
友人の親が亡くなり、葬儀告別式に参列することになりましたが、どこまで残るのが良いのでしょうか？",家族・親族以外の一般の方はお焼香が終わればそのままお帰りになります。かなり親しい場合にはご家族から残ってほしいと声をかけていただくこともございます。
お通夜に行けない場合にお香典を届けるシステムってありますか？,友人知人が参列する場合はお預けするか、そうでない場合は香典袋に入れ、現金書留で送付するのが良いでしょう。
葬儀と初七日を一緒に済ませるのですが、その場合香典と初七日の香料は別々に包むのでしょうか？,同日に行う場合、まとめて包むのが一般的です。地方によって、別々にお包みするところもございます。
お香典で金額を縦書きで「３０００円」書くときどういう書き方がいいでしょうか？,参阡円、または参阡圓、参千円と書きます。
お香典の金額について値段的には３０００円ってよくないのでしょうか？,親族などの特別な関係でない場合、問題ないと思います。
"お線香をあげさせてもらう時、喪服が常識でしょうか？
お悔やみに行こうと思っているのですが、服などはどうしたらいいのでしょうか？",喪服ではなく、シンプルで暗めな服装が良いかと思います。
告別式に入れるお金はピン札じゃない方がいいんですか？,なるべくでありましたら旧札が良いでしょう。新札ですと準備をしていたと考えられる方もいらっしゃいます。
お通夜とお葬式両方行くのですが香典を出すのはお葬式ですか？,地域によって異なりますが、お通夜で出すことが多いです。
火葬場には小さい子供は連れて行かない方がいいでしょうか？,人の死を教えるには良い機会だと思いますが、ご両親の教育方針やお子さん本人の性格などにもよります。ご両親でよくお話しされて決められた方が良いかと思います。
葬式のときはマニキュアや化粧はしないほうがいいのでしょうか？,華美なマニキュアはふさわしくありません。ベースコートとトップコート(いずれも透明)くらいにしましょう。できるだけ落ち着いた化粧を心掛けましょう。
学生の葬式の服装について。 制服を着ることは分かるのですが 靴と鞄はどうすればいいでしょうか？ ,靴は黒のローファーで、なるべく綺麗なものにしましょう。学校指定の通学バッグが良いかと思いますが、大きすぎるなどで他のものにする場合には、黒・紺・グレーなどの地味な色でシンプルなデザインのバッグにしましょう。
"数珠は持っていないので持っていかなくても平気でしょうか? 
数珠は必要ですか？",仏式の場合、数珠を用意した方が良いでしょう。
お葬式の際バックは荷物になるのでやめた方がいいのでしょうか? ,控室やクローク等にお預けできると思いますので、邪魔にはなりますが入れる荷物があればスーツに合った物を持てば良いと思います。
お葬式には何を持って行ったらいいのでしょうか？,必要最低限の持ち物で参列するのが良いでしょう。宗派により異なりますが、御香典・ふくさ・数珠・ハンカチ・傘などを持参します。
無地で真っ黒のワンピースを持っているのですが、それを喪服代わりとして着て行っても大丈夫でしょうか？,喪主・親族の場合は喪服が必要ですが、そうでなければ多少柔軟に考えて良いと思います。
普段でも着られるようなビジネススーツの黒でも葬式などで着用したら変でしょうか？,通夜の参列であれば構いませんが、葬儀の参列であれば避けた方が良いでしょう。告別式では礼服を着ている方がほとんどです。
密葬の場合、御通夜や葬式の時にはお参りにはいけないのでしょうか?,葬家のご希望もございますので、式場へお問い合わせください。(親戚・一般会葬者によって変わってきます)
お葬式に参列する際、全部のボタンが黒のワイシャツを着て行ってもおかしくありませんか？,多少はネクタイで隠れるでしょうが、基本的には白系のボタンがついている普通の白シャツが無難でしょう。
化粧を薄めって具体的にどんな感じなんでしょうか？ つけまつげ、マスカラ、アイシャドウ、アイラインをしても大丈夫でしょうか？,マスカラ、アイシャドウなどのアイメイクは御法度で、死者と同等程度のうす化粧が良いかと思います。
お葬式の日に写真を撮る事って非常識ですか？移動中に景色を撮ったり、観光写真を撮る事って非常識なのでしょうか？,式場への往復は写真撮影しても問題ないと思います。お葬式の際の撮影についても、ご親族やご家族のご了承をいただければ問題ないかと思います。
除籍の手続きはこちらでやるのですか？,死亡届を提出した際に、役所の中で処理されます。
死亡診断書のコピーで保険は降りるのでしょうか？,各保険会社へご確認をとられることをおすすめいたします。原本が必要になることが多いですし、保険会社の指定用紙に医師に記入していただく場合もあります。
死亡診断書は病院などで再発行はしてくれるのでしょうか？,病院へお問い合わせください。有料にて行っていただけると思います。
分骨証明書は、葬儀後に発行していただけるのですか？,通常、火葬前に申請をして、火葬場にて発行して頂きます。
分骨証明書は、葬儀から日にちが経っても発行していただけますか？,納骨後の場合は、墓地の管理者に発行していただけます。
お葬式が終わったあと、手続きでしなくてはならないことは何ですか？,相続手続きや不動産・預金等の名義変更をはじめとして、年金手続きや株券、保険、車や各種クレジット及び水道光熱費等の口座引き落としの変更など相当数の手続きが必要となります。
葬儀を行う予定なのですが、葬儀社に依頼をせずに自分で全てを行うことはできますか？,返礼品やお料理などはご自身で準備可能かもしれませんが、葬儀式場や火葬場の予約は民間公営問わず、葬儀社を通さないと予約ができない場合がほとんどであるため、全てをご自身で行うことは難しいかと思われます。
"納骨の時期に決まりはありますか？早い方が良いのでしょうか？
納骨はいつまでにすればいいですか
納骨は49日までにおこなわければいけませんか？",法律によって定められた規則や期日があるわけではありませんが、｢四十九日｣の法要に合わせて行うのが一般的と言えます。ご遺骨を納めるお墓がない場合は、その後の｢百か日｣や｢一周忌｣など追善供養、年忌法要などと合わせて行うのが良いでしょう。
"いつまでに火葬をしないといけないのでしょうか？すぐに火葬しなければならないのでしょうか？
火葬の期限は？",何日までという期限は特にございません。
火葬は火葬場以外でもできますか？ たとえば山など、故人の好きだった場所で行うことはできますか？,好きな場所で火葬することはできません。原則、都道府県知事許可を受けた「火葬場」で行ってください。
"お寺や宗教者への連絡は誰がどのようにすればよいですか？
お寺(菩提寺)にはいつ連絡したらいいですか？
お寺にはいつ連絡すればいいのですか？",菩提寺の場合、今後のお付き合いも御座いますので、先ずはご葬家様からご連絡をお願いしております。
"親族や関係者への連絡は、いつのタイミングで連絡したら良いでしょうか？
親族や関係者への連絡はいつしたら良いのか？
親戚や関係者への連絡はいつすればいいですか？",一報はなるべく早めに伝えし、葬儀の日程が決まった時点で再度ご連絡がよいでしょう。お亡くなりになられた事実を既にお伝えになっている場合は、葬儀の打合せが終了次第日程等をお伝えしましょう。
遺体の安置は、どのようにするのが一般的ですか？自宅が当たり前なんでしょうか？,可能であれば、ご自宅にて安置するのが一般的です。
葬儀が無事終了いたしました。お骨が自宅にありますが、自宅での供養方法について教えてください。,通常、葬儀社が用意する後飾り・後段と呼ばれる簡易的な祭壇に、ご遺骨、仮位牌、お線香をあげるための仏具、遺影写真を飾ります。水やお茶は毎日取り替え、故人様のお好きなご飯などをお供えすると良いと思います。
慶弔休暇の取得方法を教えてください。会社にどのように伝えれば良いでしょうか？,ご勤務先の就業規則に則って取得するのが良いと思います。
数珠が壊れた場合に、何か供養など必要ですか？どうすれば良いでしょうか？,特に供養などをする必要はなく、購入店に修理を依頼するか、不要な場合は購入店に引き取っていただくか捨てても問題ありません。
初めて喪主を務めることになりそうです。どうすればいいでしょうか？家族は私一人のみです。,まずは、ご親戚に相談されると良いでしょう。菩提寺と葬儀会社に連絡を入れ、段取りを組み、事前にやるべきことを聞いておくと心配はありません。
葬儀費用の一部を市や区が負担してくれるという話を聞きましたが、本当ですか？またどのような手続きが必要なのでしょうか？,故人様の住所登録がある市区町村で一部負担される場合がございます。地域によって異なりますので、役所にお尋ねいただくのが良いでしょう。
社葬の際の香典の相場について教えてください。 対会社の場合です。,お付き合いの深さ・関係性や業界・社内慣例などにより大きく異なるため、相場と呼べる金額がありません。直属の上司などに過去の事例を聞いたり相談すると良いでしょう。
葬儀屋を決めるポイントはありますか？教えて下さい。,1社に絞るのではなく、数社の資料、ご葬儀費用の見積りを取り寄せ、また、地域での評判を確認しておくと良いでしょう。地域、予算、宗教などを明確に伝えると葬儀社の比較がしやすくなります。もしもの時に備え、事前相談をお勧めしております。
家族10人だけでお葬式を行った場合、葬儀費用はどれくらい掛かりますか？,費用は日程や規模、場所により異なります。詳しくは事前相談などをご利用ください。
無宗教でお葬式を行った場合と、仏教でお葬式を行った場合、どちらが費用が掛からず済みますか？,無宗教葬とは形式にとらわれない葬儀の形式です。無宗教葬だから予算を低くできるとは限りません。
葬儀費用は分かりにくいと良く聞きます。どのようにして決まっているのですか？,担当者との打合せで、細かい内容を決めていきます。
葬儀費用の総額がいくらかかるのか不安なので亡くなる前に相談したいのですが？,セレモニーでは、無料で「事前相談」「事前見積」を承っております。当社葬祭ディレターが丁寧にご説明いたします。フリーダイヤル0120-41-1151
"お葬式の費用の目安は？
お葬式の費用相場
大まかな葬儀の費用を教えていただきたいのですが",費用は日程や規模、場所により異なります。また、規模によって返礼品などの接待費が変動するので注意が必要です。
"自宅で葬儀を行う場合、どれくらいのスペースが必要ですか？
自宅で葬儀はする場合はどのくらいの部屋の広さが必要ですか？",ご参列の人数により異なりますので、詳しくはスタッフにお問い合わせください。
病院で亡くなった場合、自家用車で家に連れて帰ってもいいのですか？,法律的な問題はありませんが、死亡診断書を携行するようにした方が良いと思います。葬儀社などに連絡をして搬送した方が安全かと思います。
他にお寺に支払うものはなんですか？,交通費を要した場合には「御車料」を用意しましょう。お食事を出さない場合は「御膳料」として相当する金額を別途に包むとよいでしょう。また、寺院を会場としてお借りした場合には「御席料」をお支払いします。
仏壇を購入する時期には何か決まりがあるのでしょうか？,特に決まりはなく、いつまでに買わなければいけないといった事もありません。
"神式でも焼香をするのですか？
神式と言われたが焼香の仕方は？",神式の場合、焼香は行わず、玉串奉奠を行います。
"戒名の費用はいくらくらいですか？
戒名のお布施はいくらですか？",決まった金額設定はありません。戒名をいただく際のお布施は、数十万から数百万円と大きく幅があり、寺院の格式や戒名の位(位号)によって相場が異なります。お寺に相談すると相場を教えてくれたり、お気持ちでと言ってくださるところもあるようです。
御経料や戒名料はどのようにお渡ししたらよいでしょうか？,弔事用の袋に表書きを「御経料」「御布施」などとして、お渡ししましょう。
"宗派によって焼香のきまりがありますか？
焼香の回数は、宗派によって違うと聞いたことがあります。各宗派の回数を教えて欲しいです。",①浄土宗(特に定めなし)②浄土真宗 西(額におしいただかずに1回)③浄土真宗 東(額におしいただかずに2回)④真言宗(3回)⑤日蓮宗(1回もしくは3回)⑥日蓮正宗(3回)⑦曹洞宗(2回)⑧天台宗(１回もしくは3回)などがあります。
"お葬式が済んだ後にやるべき事は何ですか？
お葬式の後に、まず考えなければならないことは何ですか？
葬儀後、一番最初に何をしたらいいのですか？",葬儀後は色々とやるべきことがありますので、喪主や遺族は大変です。四十九日法要の準備、その他にも遺産相続などの各種手続き、お墓、仏壇の用意など、特に家の主が亡くなった時には、遺族がやることが多くなります。
どうして神棚に白紙を貼るのですか？,神道では死はけがれを意味しており、神様はけがれを嫌うため、家に祀ってある神様がけがれないよう、神棚を封じ半紙を貼ることで境界線をつくっています。
"位牌を作りたいのですが、いつまでに作ればよいのでしょうか？
仏壇用の位牌はいつまでに作るのですか？",本位牌は、49日までに用意するのが一般的です。これは、49日を過ぎると故人の霊は仏のもとに向かうとされているからで、49日のタイミングで魂を移すための位牌を用意するのです。
友人が出産間近で赤ちゃんを死産してしまいました。どのようなお悔やみがいいですか？,よほど親しいお付き合いをされていた人以外は、電話なども控え、しばらくはそっとしておいた方が良いと思います。落ち着いたと思われる頃を見計らいお見舞い状などで励ましてあげると良いでしょう。
弔電はどんな文章がいいの？,故人やご家族のお気持ちに配慮した文章にしましょう。文例集はインターネットサイトや、弔電申込の際の定型文例もございます。
"弔電（電報）の送り方は？
弔電はどうすれば出せますか？
弔電を打つには、どうしたらいいの？","電話、115番で「弔電」指定し、申し込みができます。
その他、インターネットでのサービスもあります。"
宗教はどうすればいいのですか？,日本では、神道系、仏教系、キリスト教系、諸教、があります。宗派も仏教ですと、天台宗、真言宗、浄土宗、臨済宗、浄土真宗、曹洞宗、日蓮宗などがございます。葬儀の形式についてはご親戚の方などに相談しましょう。
公営墓地、民営墓地、寺院境内墓地は何が違うのでしょうか？,寺院墓地はお墓を建てたご家族はそのお寺の檀家となり、宗教的雰囲気があります。公営墓地は都道府県などの自治体、民営墓地は宗教法人や財団法人などが経営・管理している墓地です。どちらも宗旨問わずで納骨出来るところが多いです。
墓地はどうやって選べばいいの？,寺院墓地・霊園・お住まいの地域の墓地など様々な墓地の中から、お墓を建てる場所を決めていきます。特に決まりはありませんので、「お墓の総額」、「お墓の環境」、「お墓のデザイン」など、たてられる方が重点をおく項目を基準として考えると良いでしょう。
香典はいつだせばよいのでしょうか？,本来、葬儀時に持参しますが、現在は通夜もしくは葬儀告別式のどちらかに持参するようにします。
遺族として死を受け入れる際に気をつけた方がいいことがあれば教えてください。,悲しみの表れ方は人によって大きく異なり、悲しみを抑制することで心身症に陥る可能性もあります。個々の状況の違いが大きい為、どのように対処すると良いなどのマニュアルはありません。もし、心を許せる人がいたら、話を聞いてもらうのも良いでしょう。
線香の立て方は、宗派によって違うと聞いたことがあります。各宗派、とういう立て方をしますか？,浄土宗・曹洞宗・臨済宗・日蓮宗は1本を香炉の真ん中にたてます。浄土真宗は1本を2つに折り寝かせて香炉に置きます。天台宗・真言宗は仏壇側に2本、手前に1本の逆三角形になるよう3本たてます。
"通夜にも葬儀にも、どうしても用事があり行けません。香典は、現金書留で郵送しても失礼ではありませんか？
事情があり通夜・告別式にいけないときは香典だけ送っても失礼にあたらないか",時間をさけない場合はお送りされても良いでしょう
ホテルでの「お別れ会」「偲ぶ会」に招かれています。どんな服装で行けばいいでしょうか？,主催者側から「平服で～」と案内があった場合、喪服は着ていかないのがマナーになります。ホテルでは結婚式などのお祝い事で集っておられる方も多く、喪服を嫌うこともあります。葬儀ではないため、派手な色をさけきちっとした格好であれば問題ないでしょう。
一膳飯って、いつ、どんな風にお供えするのでしょうか？,宗旨宗派や風習にもよりますが、一般的には亡くなってから葬儀までの間、毎日、一合のお米を研がずに炊き、炊きあがったお米を一粒も残らないように盛り付け、中央に一膳の箸をそろえて垂直に立ててお供えします。
うっかり、香典袋にお金を入れ忘れました。こんなとき、どうすればいいですか？,集計の際に金額が合わずにお困りの可能性がありますので、できる限り早めに当家にご連絡をしましょう。
遺体の安置は、何か決まった向きがありますか？,仏式であれば、北枕でご遺体を安置します。北枕にすることが難しい場合は、極楽浄土があるとされている西方に向けた、西枕でも良いとされています。
葬儀後、自家用車で火葬場にかけつけて最後のお見送り・お別れがしたいのですが、いいでしょうか？,可能ですが、念の為ご遺族に確認をとるようにしましょう。また、途中で離れてしまう可能性もあり、火葬場で最後のお別れに立ち会えない場合がございますのでご注意下さい。
香典に包むお金は、新札ではいけないと聞いたことがあります。本当ですか？,不幸に対して準備をして待っていたように受け取られると言われており、現在も新札はできる限りさけるようにしています。新札の場合には一度折り目をつけると良いでしょう。
遠方にいる親戚のお葬式は出席すべきでしょうか？,お付き合いの深さによると思いますので、ご家族に相談してみましょう。出席が難しい場合には弔電や供花、香典などを送るのはいかがでしょうか。
いい弔辞とは？,故人の死に対する悲しみと、ご冥福を祈る気持ちを素直に述べ、言葉の言い回し(重ね言葉等)に気を付け、五分くらいで終わるようにされると良いでしょう。
"自宅に遺骨を保管するのは？
遺骨を自宅で保管するのは可能でしょうか",可能です。特に法的な問題はありません。
"お墓を移す手続き
故郷にあるお墓を東京に移したいのですが、どのような手続きが必要ですか？","以下のような手続きです
(1)改葬先の墓地・納骨堂を決める
(2)改葬許可申請書を入手・記入し、現在の納骨場所の区・市役所へ提出
(3)改葬許可証を受け取る
(4)現在の納骨先から遺骨を引き取り、新たに納骨する場所へ会葬許可証を提出します。"
遠方からの参列者に、お車代は必要か？,決まりはございませんが、その方とのご関係によると思いますので、親戚の方などに相談するのが良いでしょう。
忌引は親族のどこまでが当てはまるのか？,一般的には、配偶者、父母、子、祖父母、兄弟姉妹、孫、伯父伯母、配偶者の父母、配偶者の祖父となっています。
"葬儀のときに慌てたくないので、相談したいのですが、事前に相談することは不謹慎ではないでしょうか？他の方はどうされていますか？
事前相談や葬儀社をあらかじめ決めておくことは、不謹慎ではありませんか？",事前にご相談いただきご家族で葬儀について決めてあれば、万一の時も慌てず葬儀を執り行うことが出来ます。あらかじめ葬祭場、霊安室などの施設や料理などを見比べ、しっかりとした説明を受けておくともしものときに安心です。
友人、会社、近所の方にはいつ連絡したらいいですか？,葬儀の日程が決まった時点でご連絡するのが良いでしょう。ただし、親族よりも深い関係をもたれている方もいると思いますので、その場合にはお早めに一報をお伝えしましょう。
自宅以外に安置しても故人と会うことはできますか？,お会いできるかと思いますが、時間など安置している斎場によって異なりますので、お問い合わせいただくと良いと思います。
"お墓がないのですがどうしたらいいですか？
お墓がないのですが、法要後にお骨はどうすれば良いでしょうか？",遺骨は必ず埋葬すべきという決まりは無いため、自宅で保管しても構いませんが、いずれ必ず何らかの処置をしなくてはいけない時がきます。お墓を建てる予定がない場合、永代供養墓など合同の墓を契約して納骨するか海洋散骨をするといった方法があります。
身内だけで葬儀をしたいのですが、費用はどれくらいかかりますか？,費用は日程や場所、葬儀形式により異なります。詳しくは事前相談などをご利用ください。
互助会に家族が加入してますが、利用した場合に本当に費用は安いのですか？,葬儀の際、最低限必要な祭壇や棺、骨壷など非会員様価格で54万円相当のサービスや物品が会員様ですと24万円となり、費用を抑えることができます。変動費(返礼品・お食事・移動)と司式者、火葬は別途必要となるため、総額で費用を抑えることは可能です。
"危篤を知らせる時に注意することはありますか？
危篤を知らせるにあたり、注意するべきことはあるの？",お伝えする相手の方の状態を考慮し、病気や妊娠中などで精神的ショックを与えない方が良い場合は連絡を控え、後日折を見て亡くなった旨伝えるようにしましょう。
危篤時に法的効力のある遺言書を作成するには？,証人３人以上で立ち合い、遺言者が口頭で話した遺言の趣旨を証人1人が筆記します。それを本人に確認させた後に各証人が署名捺印、２０日以内に家庭裁判所へ提出します。
"医師による死亡判定が必要なのはどうしてですか？
医師による死亡判定が必要なのはどうしてなの？",医師の死亡判定を受けるまでは遺体を動かすことが禁じられており、病気などの自然死の場合でも医師の判定を受けます。
"伝染病による死亡の場合、葬儀までの流れを教えてください？
伝染病による死亡の場合の葬儀までの流れは？",特定感染症や伝染病で死亡した場合、ご遺体を自宅へ搬送・安置できないため、火葬後にご遺骨を自宅に持ち帰った後に、葬儀・告別式を行うことが多いです。
"海外で死亡した場合はどうすればいいですか？
海外で亡くなった場合はどうなるの？","遺体を日本に移送する場合は、現地医師による死亡診断書(事故死/自殺/他殺等は死体検案書)が必要になります。国内では在外公館から埋葬許可証を作成してもらいます。(同時に「遺体証明書」も発行)
・・・
現地で火葬を行った場合は「火葬証明書」が必要になります。移送は国際航空便となります。到着後、空港からは国内の葬儀社が担当いたします。"
"棺の種類を教えて下さい？
棺の種類は？",棺には、白木のものや布張りのもの、彫刻が入ったものなど、様々な種類があります。
"喪主と施主は違うのですか？
喪主と施主の違いは？",喪主は遺族の代表として弔いの中心になり、施主は「お布施をする主」という名の通り、葬儀費用を負担し運営に当たります。一般的には喪主と施主は同じ方がなることが多いです。
自宅を式場にする場合、設営すべきことは？,忌中札を早めに玄関に貼り、神棚がある場合白い半紙で神棚封じをし、家具など移動が難しいものは白黒の幕で隠します。また、駐車場の確保をし、道順札を貼り、案内役の方に式場までの地図を配っていただくように準備します。
弔問者が通夜に遅れて来た場合は？,遅れてきた場合、受付の方と共に焼香をしていただき、通夜ぶるまいの席へと案内します。
通夜ぶるまいをしない場合の慣習は？,通夜ぶるまいを行わない場合、酒と折り詰めを用意し弔問客にお持ち帰りいただくようにします。折り詰めには弔問礼状・清めの塩、通夜返礼品などと共にお渡します。
"誰に弔辞を依頼するの？
弔辞は誰にお願いすればよいですか
弔辞は誰に頼めばいいのですか？",親しいご友人、恩師・先輩・上司の方など、故人様と親しかった方等にお願いすることをおすすめいたします。
誰の弔電を選ぶの？,故人様の会社関係の方のものから選ぶことが多いようです。
"亡くなった原因を聞くのは失礼？
死因は聞くのは失礼？",弔問される方からはお聞きしないようにするのが礼儀です。意図せずご遺族を傷つけてしまうことがございます。
"人に頼んで香典を渡す場合の作法はありますか？
人に頼んで香典を渡す場合の作法は？",頼まれた方は受付で香典を渡す際に、頼んだ方の住所と名前を記帳し、代理と書き添えるようにします。
お悔やみの言葉の一般的な表現は？,『この度は誠にご愁傷様でございます。』、『この度は突然のことで、心からお悔やみ申し上げます。』などと述べるのが一般的です。
葬儀で気をつける最低限のマナーは？,参列の際、大きな声での世間話、場所をわきまえずに喫煙することなどは気をつけましょう。携帯電話についてもマナーモードにするか電源を切るなどして音が出ないようにしておきましょう。
"香典返しに礼状は必要ですか？
香典返しに礼状は必要？
香典返しに礼状を送る必要は？",後返しの香典返しの場合、奉書の礼状を一緒に送ります。
退院手続きにあたっての心得は？,葬儀の準備などで忙しくなるため、可能な限り遺体を引き取る日に、病院への支払いや死亡診断書の受け取りを済ませましょう。医師や看護師へは、後日改めて菓子折りなどを持参し、お礼をするとよいでしょう。
戒名の構成は？,位は院号・位号によって決まり、院号・道号・法号・位号の部分より成り立ちます。
遠くの知人宅に不幸があり、供花を贈りたいのですが。,葬儀社などを通じて供花を贈るのが一般的です。宗教によるしきたりや故人・遺族の意向もあるので、事前に確認をした上で、通夜当日か葬儀当日の早い時間に届くように手配しましょう。
大切な商談の予定が入っています。通夜だけに出席し葬儀は遠慮してもよいのでしょうか。,基本的には告別式に参列するのが良いのですが、最近ではお通夜式にお越しになられる方が増えております。どうしてもご都合がつかない場合には告別式に出られないお詫びをお伝えするのが良いでしょう。
葬儀、告別式とも間に合わないため、お悔みの電話を入れたいのですが。,喪家では葬儀・告別式のご準備など取り込み中であり電話でお悔やみを伝えるのはお勧めいたしません。参列できない場合には弔電や供花物をお届けする事も可能です。また、葬儀後にご自宅等にお参りに伺うことも良いでしょう。
故人の会社関係の方々から供物が贈られました。並べる順序が分からず困っています。,故人との関係が深い順にお並べし、贈り主の社会的地位も考慮したうえで棺に近い方から祭壇に左右へ配置します。会社関係、取引先からのお供え物が多い場合には「順不同」のことわりを添えると良いと思います。
会社関係者の結婚式に招かれていたところ、同じような関係先の弔事が重なりました。どちらを優先するべきでしょうか。,お祝い事と弔事が重なった場合には、弔事を第一に考えましょう。最後のお別れの場となりますので、できるかぎり出席し、四十九日までの忌服期間もお祝い事の場は控えるようにするのが一般的です。
年末年始でも、資料を送ってもらえますか？,資料請求については、各葬儀社で対応が異なりますので、ご依頼の葬儀社へお尋ねいただくのが良いでしょう。セレモニーでは、専門スタッフが24時間365日対応させていただきます。
病院ごとにお願いする葬儀社は決まっているのですか？,病院によって異なりますが、病院が提携している葬儀社があった場合にも必ずその葬儀社にお願いしなくてはならないわけではございませんので、自由に選ぶことが可能です。
会葬者の人数が分からないのですが、見積りをお願いできますか？,ご葬儀の当日になるまでご会葬者の人数はわからないものなので、おおよその人数でお見積りいたします。故人とお付き合いのあった関係より想定したお見積りを複数パターンご準備されることをお勧めいたします。
無宗教のお葬式で、お経を上げてもらうことはできますか？,無宗教葬とは形式にとらわれない葬儀の形式ですので、お寺様にお経をお願いすることは可能だと思います。ただし、菩提寺がある場合には無宗教葬の形式でお経だけあげてもらうことが可能かどうかご相談されることをお勧めいたします。
同居している身内に分からないよう、資料を受け取る方法はありますか？,セレモニーからの郵便物と分からないように送付することも可能です。また、郵送など控えた方が良ければどのようにお手元に届けるか、ご相談いただければ対応させていただきます。
集会所で葬儀をするデメリットを教えてください。,葬儀場などと異なり、ご葬儀用に用意された場所ではないため、受付や待合所、お食事などに必要なスペースが十分に取れない場合、会葬者の方で混み合う可能性がございます。集会所にもよりますが、天候・気温の影響を受けやすいこともございます。
お別れ会を行う場合の服装は、どうご案内すればいいのでしょうか？,内容や場所により異なりますが、ホテルなどで企業・団体などの組織が主体となる場合、喪服が良いと思います。また、レストランなどでご家族・身近なご友人が参列される場合、平服で良いと思います。ご依頼される葬儀社にご相談されると良いでしょう。
大型葬をスムーズに行うポイントを教えてください。,多くの参列者が予想される大型の葬儀に関しては、事前の準備が大変重要になります。そのため、葬儀の日時・場所の連絡を漏れなくお伝えする時間を配慮し亡くなってからご葬儀までを最低２日以上あけるなど余裕を持った葬儀日程をお勧めいたします。
一般葬のメリットは何ですか？,ご家族様やご親族様以外のご友人・知人など故人様とお付き合いのあった多くの方と、一度にお見送りが可能な葬儀であり、参列者の方から故人様との思い出を伺うことができます。また、葬儀後に個別で弔問に訪れる方への対応の負担を抑えることが可能です。
喪中はがきは、いつまでに出せばいいですか？11月中旬以降に葬儀をした場合は？,準備の早い方は11月中に年賀状準備をされるため、喪中はがきは11月中にお出しになられた方が良いと思います。11月中旬以降のご葬儀の場合には、喪中はがきは出さず、年明け1月8日以降に「寒中見舞い」としてはがきをお出しするようお勧めいたします。
花祭壇のお花は、お葬式が終わったらどうするのですか？,葬儀閉式後にお花を摘ませていただき、故人様(棺)へお手向けいただいたり、一部持ち帰ることも可能でございます。ご依頼される葬儀社の担当者へご相談ください。
"花祭壇に飾ったお花は自宅に持って帰れますか？
祭壇に飾ったお花をそのまま家に飾れますか？",祭壇に飾った花は一部持ち帰ることができます。どのようにして飾るのか、ご自宅のスペースに合わせてご相談ください。
仏教のお葬式でも、カーネーションなどの洋花を使っていいのですか？,祭壇にお飾りする花に決まりはございません。季節にもよりますが、出来る限りご希望に合わせてお花を手配します。
バラはトゲがあるから葬儀で使ってはいけないと聞きました。本当ですか？,葬儀ではとげのある花などはさけた方がよいと言われており、昔の風習では使うことは許されませんでしたが、現代では気にされずにお好きな花で飾ることが受け入れられています。
花祭壇の選び方を教えてください。,ご依頼の葬儀社にあるカタログや実例写真などからイメージに合うデザインをお選びするのが良いと思います。ご希望のお花や色があれば、ご依頼する葬儀社の担当者にお伝えすると良いでしょう。
カタログに載っているデザインを変えると料金が追加されますか？,追加料金などについては、葬儀社によって異なりますので、ご依頼の葬儀社の担当者にご確認いただくのが良いでしょう。
なぜ花祭壇を選ぶ方が多いのですか？,最近は葬儀に対する価値観や形式などが多様化し、明るく華やかに見送りたい、故人様らしさを表現したいというご遺族の希望により、色や花材、デザインを自由に選べる花祭壇が選ばれることが多いと思われます。
白木祭壇から花祭壇に変えると料金が追加されますか？,追加料金などについては、葬儀社によって異なりますので、ご依頼の葬儀社の担当者にご確認いただくのが良いでしょう。
形見分けをしたのですが、どうしても運搬できない遺品はどうすればいいですか？,有料ではありますが、遺品整理や回収の代行業者がございます。セレモニーでは提携会社を紹介差し上げることも可能です。
余った返礼品や会葬礼状は引き取ってもらえますか？,返礼品は返品可能です。しかし葬儀後に自宅に予備としてお持ちした返礼品については、葬儀後２週間過ぎますと返品対応出来かねますのでご注意ください。また、会葬礼状には個人情報が記されていますので処分には注意が必要です。何部か記録として残し、裁断することをお勧めします。
相続税なども相談してもいいですか？,相続に関して簡単なご案内は差し上げますが専門的なご相談になりますと当社提携会社をご案内差し上げます。ご相談内容により有料になる事もございます。
"アフターサポートとは何ですか？
アフターサービスは具体的に何があるの？",ご葬儀後の各種手続きになります。例えば役所手続きや遺産相続、遺品整理に関することもアフターサービスを専門にしているスタッフが責任をもって一つ一つご説明するサービスです。
どのような種類の礼状があるのですか？,弔電をいただいた方への弔電礼状、ご供花・お供物を送っていただいた方への供花(供物)礼状、ご葬儀のご連絡ができなかった方へご葬儀後に出す死亡通知、遠方のご親戚や知人からの香典やお供物に対する礼状、喪中による年賀欠礼状などがございます。
"家族葬に呼ばなかった方へ、いつお葬式を終えたお知らせをすればいいのでしょうか？
家族葬のご案内をしなかった方に、お葬式を終えたことをどうやってお知らせすればよろしいでしょうか？",一般的に四十九日の法要後や納骨後に、ご葬儀を終えた旨の報告はがきを送ります。年末の喪中はがきでお知らせする場合もあり、送る方とのご関係やご家族様のご都合によりお知らせする時期はさまざまです。
喪中はお歳暮を贈らないものでしょうか？,"喪中は一般的にお祝い事の関わることは避けた方が良いとされる期間のため、お祝いではなく感謝やお礼の意味で贈るものであるお歳暮は贈って良い
ものとされています。これは、先方が喪中の場合でも同様です。ただ、忌中の場合は控えるのが望ましいでしょう。"
お葬式の前に自宅へ会葬に訪れる方がいます。喪服を着て迎えた方がよいのでしょうか？,平服で構わないと思います。
喪服の他に必要なものはありますか？,仏式であれば、御香典・ふくさ・ハンカチご用意いただくのが良いでしょう。また、お持ちであれば数珠をお持ちいただくのが良いでしょう。
アクセサリーなどは全て外さなければいけませんか？,涙を表すことから真珠は着用が許容されていますが、基本的にアクセサリーはしないほうが無難とされていますので、はずされることをお勧めいたします。
自宅へ弔問に来た人に、何を渡せばいいのですか？,葬儀の際ご用意された香典返しをお渡しされると良いでしょう。ご葬儀後に郵送や代理でお渡しされた香典については、四十九日の法要後に半返しとして香典返しをされると良いと思います。
"高額の香典をいただいた場合も、「半返し」ですか？
高額なお香典の方に何か返した方が良いのでしょうか？
高額な香典に後返しは？
高額な香典の後返しは、どうするのが一般的ですか？",基本的には通常の香典返しと同様に忌明け(四十九日)後に香典の半分程度のお返しの品を贈ります。ただし、高額の香典にはそれなりの意図がある場合がありますので、香典返しは、くださった方の意図を考えて贈るよう心がけましょう。
香典返しの相場はいくらですか？,一般的にはいただいたお香典の半額程度(半返し)の品物を目安にして送ります。
香典返しはいつお渡しするのですか？,香典返しは「忌明け」の法要後１ヶ月以内を目安に早めに送ります。
喪中は神棚のしめ縄を替えないのでしょうか？,一般的には忌明けされてからしめ縄を替えます。年内に忌明けされる場合、年越し前にしめ縄を替えられた方が良いでしょう。年明け後に忌明けとなる場合、1月8日以降に忌明けされてから替えられるのが良いと思います。
故人が使用していた茶碗はすぐに割った方が良いのですか？,宗派や地域にもよって異なりますが、ご自宅でご安置された場合、斎場へ出発する際に割られるのが一般的です。ご安置施設でご安置された場合には、ご葬儀を終えた翌朝に割られる方が多いです。
枕飯や枕団子は葬儀会場に持っていきますか？,葬儀会場で葬儀社が用意する場合がほとんどかと思いますが、ご家族様でご用意された方が故人様も喜ばれると思います。ただ、葬儀社によってお持ち込みなどを制限されている場合がございますので、ご依頼の葬儀社にご確認いただくのが良いでしょう。
家族葬に呼ぶかどうか迷った人は、呼んだほうがいいですか？,故人様は最期に会いたいと思うのか、後悔のないよう、よく考えていただいた上で決められることをお勧めいたします。
家族葬には、家族や親戚以外の人を呼んでもいいのですか？,家族葬については、一般的には家族・親族で行う葬儀と言われていますが、特に正しい定義はなく、お呼びする方の範囲も決まりはございませんので、問題ないと思います。
"家族葬でも受付を頼んだほうがいいですか？
家族だけの葬儀でも受付は必要ですか？
家族だけでやる場合は受付はいなくて大丈夫ですか？",記帳や香典の受付がなければ、必要ございません。
参列者が家族や親族だけなので、会葬返礼品は必要ありませんか？,ご家族様のみ参列する場合には、会葬返礼品を用意しない場合もございますが、ご親族も参列する場合には、故人様に代わり感謝の気持ちを込めお渡しする品ですので、ご用意されることをお勧めいたします。
家族葬に呼ばない親族には、どんな対応が必要ですか？,ご親戚との関係が悪くなる可能性があるため、訃報をお伝えしたうえで、「遺言で家族のみで」と言われてますので参列はお控えくださいとお伝えするのが良いと思います。
家族葬の際、親族への案内で注意することはありますか？,今後のご親族とのお付き合いに響く可能性もございますので、そのようご親族がいらっしゃらないかご確認し、お呼びしなかった親族の方へ配慮したご案内されることをお勧めいたします。
亡くなったことを近所の方に知らせずに、家族葬を執り行うことはできますか？,病院などのご自宅以外で亡くなられた場合であれば、ご葬儀の場所やご安置場所もご自宅以外を選ぶことで、ご近所の方に知られる可能性は低くなると思います。ご自宅での安置をご希望される場合には明るい時間帯を控えるなどの考慮が必要になります。
"火葬式でも、お経をお願いすることはできますか？
火葬式でお寺に読経してもらうことは出来る？",菩提寺に確認が必要です。こちらでの手配寺院でありましたら、対応可能です。
"火葬式と直葬は違うのですか？
火葬式と直葬は同じですか？",一般的には同じ意味で使用されています。通夜や告別式などの宗教儀式を行わない、火葬のみの葬儀形態。
火葬式での食事はどうするのですか？,火葬式は基本的に通夜や告別式などの儀式を行わない火葬のみの葬儀業態の為、お清めなどのお食事はご用意いたしません。火葬場の控室で精進落としをする場合もございますが、火葬場によってはできない所もございますので、事前にご確認ください。
火葬式に参列者人数の制限はありますか？,制限はありませんが、少人数で執り行うことが多いです。
火葬式はどこで式を行うのですか？,一般的に火葬場でお別れのセレモニーを執り行います。葬儀場を借りる場合もありますが、葬儀使用料が発生してしまいます。
一般葬のデメリットはありますか？,デメリットをあげるならば、参列者の予想が難しい点と、参列者が増えるケースが多く費用がかさむ傾向にある点があげられます。
供花や弔電(電報)をいただいた方へは、どのようにお礼をすればよろしいでしょうか？,供花物や弔電をいただいた方へのお礼は、お礼状を送り感謝の気持ちを伝えるのがマナーとなります。御礼をする時期に決まりはありませんが、あまり遅くなるのは相手に対して失礼となりますので、葬儀が終わり、出来るだけ早い時期に出すようにしましょう。
"香典を受け取る受付や会計のお手伝いは誰に頼めばよろしいでしょうか？
受付係はどのような方に依頼すればよいですか",自治会や友人、会社関係等にご依頼される方が多いです
供花は受け付けますか？,大半の方が受け付けております。
お香典は受け付けますか？,個人で葬儀を執り行う場合は受け付けることが多いですが、香典辞退の場合もございますので、ご遺族の方にお伺いするのが良いと思います。
どこのホテルやレストランでも、お別れ会をすることができるのですか？,対応できない場所もございますので、ご希望のホテルやレストランにご確認されるか、葬儀社にご相談されると良いでしょう。
集会所を葬儀で利用する際は、申し込みはどのようにすればよろしいでしょうか？,地域の集会所の場合、窓口の責任者の方へ、マンションなどの集合住宅の場合は、管理人さんに申し込むと良いでしょう。利用料金や窓口など事前に確認しておくことをお勧めいたします。
集会所で葬儀をするメリットを教えてください。,利用される場所によってはお家の近くで葬儀ができる点と、何より一般的な式場よりも使用料が安価である点だと思います。
集会所が葬儀で使用できないことはありますか？,集会所によっては使用できない場合や、想定している参列者数によっては十分な広さでなく使用が難しい場合がございますので、事前に下見されたり確認されることをお勧めいたします。
集会所でお葬式をする時に一番気をつけるポイントは何ですか？,ご葬儀のために用意された場所ではない為、親族の控室や受付の場所などが設けられるかなど、集会所によっては必要な備品が発生することで、葬儀費用も変わってくるため、ご依頼の葬儀社の担当者立ち合いのもと下見をされることをお勧めいたします。
神社でご葬儀を行うことはできますか？,神道では死はけがれを意味しており、けがれを嫌う神様の聖域となる神社ではご葬儀を行うことはできません。神道のご葬儀は一般的にご自宅または式場にて執り行います。
神主さんを紹介していただけますか？,ご紹介可能かどうか、ご依頼される葬儀社へご相談されると良いでしょう。
学会員の家族が亡くなり友人葬で送ることにしました。喪主の私は学会員ではないのですが、誰に葬儀を取り仕切っていただけばよろしいのでしょうか？,責任者の方が、段取りを整えたり、受付や会計のお手伝い、ローカルルールなどもご相談にのってくださるかと思いますので、ご家族が所属されていた地区の儀典部(責任者)の方へご相談されることをお勧めいたします。
友人葬の作法を教えてください。,友人葬の場合、香典を持参する必要はないとされていますが、学会員ではない場合には念の為香典を持参することをお勧めします。服装についても特に決まりはありませんが、喪服が良いでしょう。焼香の回数は3回、額まで持ち上げて焼香します。
自宅で葬儀をするデメリットを教えてください。,ご自宅の広さや参列者の人数より、混み合う可能性があります。ご自宅にお伺いいたしますので、各ホールまでお問合せください。
自宅が葬儀で使用できないことはありますか？,間口が狭く棺が入れられないなど、ご自宅のスペースによっては葬儀会場の検討が必要になる場合がございます。葬儀社にご相談下さい。
自宅で葬儀をするメリットを教えてください。,葬儀の会場使用料がかからないため、費用が抑えられ、時間の制限なく故人様を偲んでいただくことが可能です。また、故人様の住み慣れた、思い出のつまったご自宅でのご葬儀については故人様への思いあふれる時間となります。
自宅でお葬式をする時に一番気をつけるポイントは何ですか？,ご自宅により、祭壇の飾り方や受付・食事の場所などが異なり、必要な備品も変わってまいります。葬儀費用も大きく変わってくるため、ご自宅の下見や事前相談が非常に重要となります。
お通夜・告別式2日間のお別れが必要ですか？,必ず2日間必要というものではございません。最近では1日葬と呼ばれる、通夜を行わないで告別式だけを行う形式の葬儀もございます。葬儀の形式についてはご家族様・ご親族様でよくご検討されることをお勧めいたします。
戒名はいついただくのですか？,菩提寺の場合、葬儀前にお寺にご挨拶をかねて打合せをすることが多いです。菩提寺にお尋ねいただくのが良いと思います。
音楽葬はできますか？,音楽葬が可能かどうか、ご依頼される葬儀社にお尋ねいただくのが良いですが、まずは菩提寺の有無を確認されると良いでしょう。菩提寺がある場合、納骨の際にトラブルになる可能性がありますのでご注意ください。
無宗教での葬儀を、親戚や知人から反対されることはありますか？,以前より無宗教葬が増えている傾向はございますが、ご親族の方などで反対される方がいる可能性はあります。トラブルを防ぐためにも葬儀の形式については事前にご親族に相談されることをお勧めいたします。
葬儀社を選ぶときに、大切なことは何ですか？,葬儀社を選ぶには、1社に絞るのではなく、数社の資料、ご葬儀費用の見積りを取り寄せ、また、地域での評判を確認しておくと良いでしょう。地域、予算、宗教などを明確に伝えると葬儀社の比較がしやすくなります。もしもの時に備えて、事前にご相談されることをお勧めいたします。
葬儀の知識がなく不安です。お葬式の準備はどうすればよいですか？,ご要望によって葬儀費用は大きく異なりますので、まずは葬儀の規模や場所、予算を決め、葬儀社に見積書の作成を依頼しましょう。世話役・受付をお願いする方へお願いをしたり、遺影写真も早めにご準備されることをお勧めいたします。
一日葬と直葬の違いは何ですか？,直葬は火葬前に短い時間でお別れをし、何の儀式も行わないのに対し、1日葬は、お通夜を省き1日で葬儀を行う、限りなく一般的なお葬式に近い形になります。
社葬の対象になるのは、どんな人ですか？,会社によって考え方が異なりますので決まった条件などは特にございませんが、一般的には社長・会長、役員などの役職の方が対象となることが多いようです。会社に多大な貢献をした方や、業務中に殉職された方なども対象になる場合がございます。
お葬式で家族が写真を撮るのは、非常識ではありませんか？,司式者によっては葬儀中のお写真はお断りされる場合もございます。また、参列される方の中にも写真撮影に否定的なお考えの方もいらっしゃることもございますので、事前に皆様とお話し合いをされることをお勧めいたします。
アマゾンの僧侶派遣に対応していますか？,ご依頼される葬儀社によって、対応可能かどうか異なりますので、事前にご確認いただくのが良いでしょう。
友引でもお葬式ができる斎場はありますか？,葬儀は「友引」の日は、友を引くという迷信で火葬場が休業している地域もございますので、その場合は葬儀(骨葬は除く)をすることが難しいです。ご希望の地域の葬儀社にご確認されると良いでしょう。
火葬場の手配はどうすればいいのですか？,葬儀会社を通しての予約となりますので、セレモニーにご相談ください。当社では、火葬場の予約以外にも霊柩車やマイクロバス、料理・返礼品等の手配も承っております。
エアコンがない部屋でも、夏場に安置はできますか？,外気を遮断し、ドライアイスと一緒に納棺することで2日程度ご安置が可能かと思います。
"お葬式をお願いするのに、事前の予約が必要ですか？
事前相談をお願いしたいのですが。予約は必要ですか？",ご葬儀を依頼する葬儀社によって異なりますので、ご確認いただくのが良いでしょう。セレモニーでは予約はなくてもご相談は承っております。セレモニーでは、無料で「事前相談」「事前見積」を承っております。フリーダイヤル0120-41-1148
コンビニ決済で葬儀代金を払えますか？,支払方法については各葬儀社により異なりますので、ご依頼の葬儀社にご確認ください。申し訳ありませんが、セレモニーではコンビニ決済には対応しておらず葬儀後1週間以内での現金一括払い、もしくは振り込みとなります。
お盆の期間も、事前相談をお願いできますか？,事前相談は、お客様の希望に合わせて対応いたします。２４時間３６５日対応しておりますので、各ホールまでお問い合わせください。
"お葬式の生前予約はできますか？
生前予約はできるか",生前予約とは、葬儀の内容について前もって決めておくことです。ご相談はいつでも承ります。
看病で自宅にいない時間が多いので、資料と見積りを病院で受け取ることはできないでしょうか？,お客様の希望に合わせて対応いたします。ご相談ください。
事前に葬儀について考えておきたいので、資料や見積りだけもらうことはできますか？,セレモニーでは、無料で「事前相談」「事前見積」を承っております。当社葬祭ディレターが丁寧にご説明いたします。フリーダイヤル0120-41-1151
対面での事前相談は、夜何時までお願いできますか？,事前相談は、お客様の希望に合わせて対応いたします。ご自宅にお伺いすることも可能です。２４時間３６５日対応しておりますので、各ホールまでお問い合わせください。
事前相談はいつお願いするのがいいのでしょうか？,万一の時より前であれば、いつでもかまいませんが、あらかじめ葬祭場や霊安室などの施設や料理などを見比べ、しっかりとした説明を受けておくと安心です。早めのご相談をおすすめします。
事前相談とは何ですか？,葬儀の流れから形式、準備する物や費用まで細かくご説明いたします。「葬儀はいくらかかるんだろう？」「葬儀の費用をおさえるにはどうしたらいいんだろう？」「家族だけで葬儀をしたい…」など、その他葬儀に関する素朴な疑問、質問に何なりとお答えします。
シンプルなお葬式を希望しています。費用はどのくらいになりますか？,シンプルな葬儀と言っても人それぞれ考え方が異なり、費用も日程や規模、場所により大きく異なります。詳しくは事前相談などをご利用ください。
葬儀費用を少しでも抑える方法を教えてください。,葬儀費用も基本費用、変動費用(接待費)、立替金、司式者への御礼などございます。費用を抑えるには基本費用や変動費で調整をする方法がございます。詳しくは、葬儀社にお問い合わせ下さい。
"見積りより費用がかかることはありますか？
見積より高くなる事はないのですか？
葬儀の事前見積もりよりも代金が大幅に上がる事ってあるの？",返礼品など予想よりも出た場合などは、料金がかかります。また、見積書に含まれていない商品もございますので、打合せ時に担当者へご相談ください。
クレジットカードで支払うことはできますか？,葬儀費用についてセレモニーではクレジットカードでのお支払いは対応いたしておりません。支払の方法は葬儀社によって異なりますので、ご依頼の葬儀社にご確認されることをお勧めいたします。
"生前の相談には費用がかかりますか？
生前見積もりにかかる費用は",生前相談、見積りに費用は一切掛かりません。ご不安な事がありましたら、何なりとご相談ください。
式場の使用料はどれくらいかかるものなのですか？,式場の利用費については、民間式場・公営斎場などにより異なりますので、どれくらいということははっきりと申し上げられません。ご依頼される葬儀社にご確認されることをお勧めいたします。
忌中紙(きちゅうし、玄関先へ貼る訃報の知らせ)はいつ貼り出すものですか？,一般的にはご葬儀の日程と場所が決まってからご自宅の玄関に貼ります。最近は留守にすることが分かってしまうなどの防犯の観点から、あまり見かけないことが多くなりました。
長年同じ地域に住んでいるのですが、町内会への連絡はいつすればよいのでしょうか？,町会・自治会の会館や集会所を利用したり、お手伝いをお願いする場合には、葬儀の日程を決める前にご連絡・ご相談されることをお勧めいたします。ご家族ご親族のみの身内だけで送る場合には、ご葬儀後にご連絡をされえる方が多いようです。
万が一の時の連絡方法を教えてください。,葬儀社は深夜・早朝関わらず365日ご対応可能な場合が多いため、ご依頼・ご相談される葬儀社へお電話されることをお勧めいたします。セレモニーでも365日24時間お電話を受け付けております。フリーダイヤル0120-41-1147
病院で亡くなったとき、何をすればいいのですか？,事前に決めておかれた葬儀社やご加入されている互助会会社へご連絡し、ご遺体の搬送をご依頼しましょう。その際にご安置場所もお伝えいただくのが良いでしょう。
近所の方に分からないよう、故人を自宅に連れ帰ることはできますか？,深夜・早朝など明るい時間をさけてご自宅にお連れすることでご近所の方の目に触れないようにすることは可能かと思いますが、葬儀社によってはご対応ができない場合もございますので、ご依頼の葬儀社へご確認されることをお勧めいたします。
搬送の車に家族を乗せてもらうことはできますか？,同乗可能な人数は葬儀社や搬送用の車によって異なりますので、ご依頼の葬儀社にご確認されることをお勧めいたします。
深夜、早朝でも搬送はできるのですか？,葬儀社により、ご対応可能かどうか異なりますので、ご依頼の葬儀社にご確認されることをお勧めいたします。
搬送料金はどれくらいかかるものなのですか？,葬儀社によって搬送の料金が異なりますので、ご依頼される葬儀社へご確認されることをお勧めいたします。搬送される距離によっても異なる場合がございます。
看護師さんから、霊安室から故人を搬送するように言われましたが、誰にお願いすればいいのですか？,搬送は葬儀社にご依頼されるのが良いかと思います。事前にご安置場所を決めたうえで葬儀社か加入されている互助会会社へご連絡されることをお勧めいたします。
安置する部屋の温度は何度にすればいいのですか？,夏はエアコンなどで室温を18度以下に保っていただき、冬は暖房の使用を控えていただければ良いかと思います。
自宅に安置しているときに、故人の体に触れてもいいのですか？,生前と同じように接すると故人様も喜ばれるかと思います。ただし、感染症の恐れがない場合に限りますので、念の為お医者様にご確認ください。
白い布を顔に乗せないといけないのですか？,ご遺体のお顔に必ず白い布を乗せなければならないというものではありませんが、万一蘇生した場合、呼吸したことに気づきやすいということや、変化し続けるご遺体のお顔をみやみにさらさないようにするためとの昔からの習わしがございます。
故人が好きだったお肉やタバコをお供えしてもいいですか？,お供え物に特に決まりはございませんので、故人様のお好きだったものをお供えいただくのが良いでしょう。
安置場所についてすぐには、棺に入れないのですか？,通常、安置場所(施設の霊安室又は自宅)では、お布団等に安置し、枕飾りを整えます。地域によっては直接お棺にお納めする風習等があるかもしれません。
故人は北枕にしなければいけないのですか？,宗派により異なりますが、一般的には頭北面西右脇臥(ズホクメンサイウキョウガ)と言って、頭を北に、顔を西に向け、右脇を下にして入滅した釈迦(しゃか)の姿にならい北枕にします。北枕が不可能な場所では、西へ頭を向け(西枕)ご安置いたします。
"お葬式の日までお線香の火を絶やしてはいけないものなのですか？
通夜の時、御線香は一晩中あげないといけないのでしょうか。",以前はお線香を絶やしてはいけないという習わしがありましたが、近年ではその習わしは薄れてきています。
お葬式の日まで数日空いているのですが、何をすればいいのでしょうか？,ご葬儀まで数日あいている場合には、故人様のお体の状態を葬儀社のスタッフが確認し、ドライアイスの交換などを施し、できる限り変化しないように保ちますので、ご遺族様が特にされることはございません。
自宅安置する場合は、ベッドでもよいのでしょうか？,ベッドでも大丈夫です。生前にお使いになっていたなど、使い慣れたところでお休みされた方がよろしいかと思います。
自宅に安置する際の注意事項は？,エアコンのある部屋でご安置された方が良いと思います。また、弔問客が多い場合には、お招きしやすい場所を選ぶことをお勧めいたします。
自宅以外の安置場所はどこがあるのですか？,霊安室を完備している葬儀式場などがございます。セレモニー直営式場には霊安室が完備されていますので、安心してお預けいただけます。
故人の安置をお願いする場合はどうすればよいですか？,セレモニーでは直営式場に霊安室を完備しておりますので、お問い合わせください。
メイクや着せ替えはどこでするんですか？,ご葬儀までの間にご自宅やご安置施設などの、ご安置いただいく場所で行います。ご葬儀までのお時間を使ってメイクやお着換えを行うことも可能です。
公営と民営の葬儀会場の違いは何ですか？,公営斎場は市区町村などの地方自治体が運営しており、故人様や利用者の住民票住所が範囲内の場合には利用料が民間の斎場に比べ低いなどの特徴がございます。民間斎場は民間企業が運営している斎場になります。
ペットが参列できる葬儀会場はありますか？,ペットが参列可能な葬儀会場は地域によっていくつかあると思いますが、数は限られていると思います。ご希望の地域・場所をお決めいただいたうえで葬儀社へご相談いただくのが良いでしょう。セレモニーの各葬祭ホールにはお入りいただけません。
葬儀会場に霊安室はありますか？,ご葬儀会場によって、霊安室の有無は異なりますので、ご依頼される葬儀社にお尋ねいただくことをお勧めいたします。
教会以外でもキリスト教葬はできますか？,葬儀式場によっては、キリスト教葬を執り行うことが可能かと思いますので、ご依頼の葬儀社にご確認いただくのが良いでしょう。
斎場を利用する際の住民料金とは何ですか？,公営斎場をご利用される際、故人様もしくは利用申し込みされる方の住民票住所が範囲内の場合に適用される利用料金のことです。範囲外にお住まいの方が利用されるのに比べて低料金に設定されています。
宗派が違うお寺様の会館も利用できますか？,多くのお寺様の会館では、異なる宗派でのご葬儀が可能です。難しい場合には、ご希望に沿った葬儀場をご紹介いたします。
斎場の予約はどうすればいいのですか？,一般的に葬儀社を通じて空き状況の確認やご予約をされるのが良いでしょう。特にご利用される斎場がお決まりでない場合には、ご希望を葬儀社にお伝えし、お決めになると良いでしょう。
斎場の使用料を抑える方法はありますか？,ご自宅でご葬儀をされる場合であれば、葬儀式場の使用料がかかりません。また、公営斎場も民営斎場に比べて使用料を抑えることが可能です。葬儀式場の使用料以外にも費用を抑える方法もございますので葬儀社へご相談されることをお勧めいたします。
お葬式をする場所は主にどこがあるのですか？,ご自宅や、各地域自治体が運営する公営斎場、民間企業が運営する民営斎場や葬儀専用の会館や寺院、地域の集会所などがございます。
お葬式ができる最短の日程を教えてください。,ご家族様、宗教者様のご都合や斎場・火葬場などの空き状況によっても異なりますが、一般的なお通夜・告別式の2日間で執り行うご葬儀の場合、最短で旅立たれた翌日にお通夜、翌々日に告別式・火葬となることが多いです。
平日、仕事を切り上げてお葬式に来てもらうのは申し訳ない気がするのですが？,ご会葬者様のご都合に合わせて、土日などの職場が休日の日程で調整する方法もございますので、日程に関してはご依頼の葬儀社にご相談されると良いでしょう。
帰国する息子を待ってお葬式をしたいのですが、どのくらい待っていただけるのでしょうか？,場合によっては1週間程度待つこともめずらしくはなく、特に期限はございませんが、ご安置場所によっては状態に多少の変化が出てまいります。もしくはご遺体をエンバーミングという方法を施すことで長期間の保存が可能になります。
「友引」の日に、お通夜をしてもよいのでしょうか？,友引に通夜は執り行えますが、友を引くとの解釈から友引のご葬儀がさけられるようになり、気にされる方もいらっしゃいます。ご家族・ご親族の方と相談されると良いでしょう。
お葬式ができない日を教えてください。,火葬場によっては「友引」が「友をひく」という語呂合わせから、休業日である事が多く、骨葬を除き葬儀が行えない事がございます。
戒名をいただかなくても、お葬式はできますか？,必ず付けないといけないものではございませんが、菩提寺がある場合には確認が必要です。
ご僧侶のお食事の用意については、どのようにすればよいですか？,ご僧侶様のご予定にもよりますが、ご準備されることをお勧めいたします。出席できない場合にはお布施とは別に「お膳料」をおつつみしてお渡ししましょう。
ご僧侶に葬儀会場までお越しいただくとき、ハイヤーの手配は必要ですか？,自家用車でいらっしゃる方もございますので、ご僧侶様にご確認のうえ、交通費として「御車代」をお渡ししましょう。
菩提寺が遠方で葬儀に来ることができない場合は、どうするのですか？,"菩提寺の許可をいただいたうえで、菩提寺から別のお寺様をご紹介いただくのか、葬儀社に紹介いただくと良いでしょう。
セレモニーでは、菩提寺が遠方でお困りの方・菩提寺をお持ちでない方のために、寺社へのお取次ぎをしております。当社の寺院紹介システムをご利用下さい（http://www.sougikaikaku.com/"
寺院が遠いのですが、お葬式はそのお寺まで行かないといけないものなのですか？,一般的に、ご葬儀の際にはご僧侶様に来ていただきます。来られない場合には菩提寺様に別のお寺様をご紹介いただくなどします。
公営の斎場は誰でも利用できるのですか？,ご利用することは可能ですが、利用希望者が多く、時期によっては予約が取りづらいことが多くあります。また、故人もしくは喪主の住所が該当する自治体にあるかどうかによって、利用料金や予約条件が異なりますのでご注意ください。
お布施とお戒名料は違うのですか？,お布施は、お戒名をいただいたことや、お経を読んでいただいたことに対するお礼としてお渡しするものです。
お葬式の最中に家族のそばでアドバイスしてもらうことはできますか？,ご葬儀のマナーなどについてはお打ち合わせの際などご相談いただければ対応いたします。当日の付き添いやご案内についてはご依頼する葬儀社の担当者に相談されると良いでしょう。
弔辞はお願いしたほうがいいのですか？,必ずお願いしなければならないというものではなく、故人様とお付き合いが深い方など、お言葉をいただきたいという方がいらっしゃればお願いされるのが良いと思います。また、弔辞を述べたいという方がいらっしゃれば、お断りせずお願いされると良いでしょう。
式場で座るときの席順に決まりはありますか？,一般的にご親族様でしたら故人から近い順に前列よりお座りいただき、一般会葬者の方はは基本的にお越しになられた方よりお座りいただくことが多いです。
「子供一同」など身内でも生花を出すものですか？,出されるご家族様が多く見られますが、特に決まりはありません。
喪主になると何をしなければいけないのですか？,喪主は遺族の代表として弔いの中心となり責任者となりますが、喪主の役割には明確なものがございません。ただ、亡くなった方の代理となるため、一番に弔問客や会葬者、お坊さんのお出迎え、お見送りをすることに重点を置いて立ち振る舞うとよいでしょう。
お通夜で斎場に泊まらない人もいますか？,必ず泊まらなければならない訳ではありません。最近はご宿泊されないご家族もいらっしゃいます。
告別式はどのように進行していくのですか？,"葬儀・告別式は以下の流れになります。
　遺族・親族の着席
　会葬者着席
　僧侶の入場
　開式の辞
　読経、引導
　弔辞、弔電披露
　焼香
　葬儀閉式の辞
　告別式開式の辞
　一般会葬者焼香
　僧侶退場
　告別式閉式の辞"
お通夜はどのように進行していくのですか？,"通夜は以下の流れになります。
遺族・親族着席
参列者着席
僧侶入場、読経
焼香
僧侶の法話
僧侶退場
通夜ぶるまい"
四十九日の納骨の際、埋葬許可証が必要とのことですが見当たりません。どうすればいいですか？,埋葬許可証の入った封筒は、骨壷の入った木箱と一緒に布で包んでありますかと思います。火葬許可証に火葬日と火葬場の印が押されている書類が埋葬許可証になります。
四十九日の法要が終わるまでに、旅行に行ってはいけないのですか？,喪中の期間は忌中や喪中の期間は慶事を避け、亡くなった方の死を悼み、喪に服して身を慎むとされておりましたが、現在ではお考え次第となっております。ご自身が旅行に対してどのように考えるかだと思います。
亡くなってから四十九日法要まで、月を3つまたぐ「三月またぎ」がよくないと言われるのは、どうしてですか？,三月(みつき)～見付(みつき)～身に付く、不幸ごとが身に付くという語呂合わせから、ご逝去から法要までに月を3つまたぐことが良くないという風習が生まれたと言われています。
ご用意いただいた後飾り檀は、四十九日を過ぎた後、どうすればいいのですか？,忌明けの四十九日法要を済ませると、後飾りは必要がなくなります。ご遺骨の埋葬の日、もしくは四十九日法要後に処分をしましょう。ご自宅でのご処分が難しいようでしたらご依頼の葬儀社に引き取っていただくようご相談されると良いでしょう。
法要のお布施はいくらですか？,一般的に多いのは、3～5万円程度です。お布施のほかに僧侶にお渡しするお金としては、ご自宅で行った場合などのお車代や法要後の会食に出席されない場合の御膳料がございます。どちらも5千円～1万円が一般的になります。
四十九日法要の案内は、親族のどこまですればいいのでしょうか？,一般的には一周忌、三回忌くらいまでは葬儀に参列頂いたご親族にはお声掛けするのが良いでしょう。四十九日法要後は一周忌まで法要がないため、ご親族の方すべてにお声がけし、出席されるかどうかはご親族の判断にゆだねた方が良いと思います。
四十九日法要は自宅でしてもいいのですか？,自宅で法要をされる方もいらっしゃいます。ただし、僧侶の控室や駐車場の確保・会場の座席や会食の手配等、不慣れだとお困りになることもありますので注意が必要です。
四十九日の法要は、故人が旅立ってからきっかり49日後にするものですか？,基本的には、四十九日当日に行うことが良いとされております。とはいえ、四十九日の法要には、親戚も集まってもらうことから、平日に執り行うことが難しく、現実的には直前の土日や祝日に日程を調整する場合が多くなっています。
社葬とお別れ会の違いは何ですか？,社葬は運営の主体が企業にあり、企業の経費で葬儀が執り行われ、読経や焼香などの宗教儀礼を重視し、葬儀会場で行われます。お別れ会は故人と関わりのある人々を招いて故人を偲ぶ、宗教色のないお別れです。ホテルやレストランなど様々な場所で行われます。
大手企業でなくても、社葬を執り行うものですか？,近年、参列人数や葬儀の規模などに関係なく、社葬を執り行う企業が増えています。もともと企業が主体となって行う葬儀の為、人数で制限されるものではなく、一緒に働いた仲間を企業として送りたいという気持ちが大切です。
短時間で多くの方にお葬式の連絡をする方法を教えてください。,社葬の場合には間違いをさけるために電話ではなく、FAXかメールでご連絡されることをお勧めいたします。来賓の方には電話連絡後にFAXするか訪問でお伝えし、ご友人の方にはグループの代表者の方から関係者へご連絡いただくようにするのが一般的です。
社葬をスムーズに行うポイントを教えてください。,多くの参列者が予想される社葬に関しては、事前の準備が大変重要になります。そのため、葬儀の日時・場所の連絡を漏れなくお伝えする時間を配慮し亡くなってからご葬儀までを最低２日以上あけるなど余裕を持った葬儀日程をお勧めいたします。
"1日葬は2日間の葬儀に比べて、どんな費用が抑えられるのですか？
一日葬だと二日間の式より費用をおさえられるか？",通夜を行わないので通夜振る舞いの費用はかかりません。しかし通夜を行わない為、一般の方が少なくなり香典収入が減ります。
会社の代表や役員が亡くなったら社葬を行うものですか？,社葬は企業がご葬儀の費用を負担し、執り行う葬儀ですので、会社の代表者や役員の方が亡くなった場合であっても、ご家族様が窓口となってご葬儀の費用を負担する場合は個人葬となります。その為、必ず社葬を行うものとは限りません。
1日葬はどんな宗教でも行うことができますか？,基本的に対応可能ですが、菩提寺などのお付き合いのあるお寺様、宗教者様がいらっしゃる場合には、ご相談いただいたうえで、葬儀社へご依頼いただくことをお勧めいたします。
冠婚葬祭互助会は信頼できますか？,冠婚葬祭互助会は多くの消費者様より前払いでお金をお預かりし、サービスを提供する業種であるため、割賦販売法に基づいた許可を得たうえで運営されています。経済産業大臣許可を得た会社のみ営業することが許されるため、信頼できるでしょう。
引っ越ししたら、契約はどうなりますか？,その転居地を営業地域とする他の互助会が存在し、かつ、その互助会が移籍加入を引き受ける場合に限り、ご加入者様の希望により、移籍手続きが可能でございます。但し、移籍後は、移籍先互助会の規約に従っていただくことになります。
掛金に使用期限はありますか？,掛金に使用期限はございません。互助会会員様の権利は永久に守られますのでご安心ください。
"掛金の額は変わりますか？
掛け金が変動する事はありますか",掛け金は契約約款に基づき変動することはございませんが、時代や環境に変化に伴う提供サービスを異なる同等のサービスなどに変更させていただく場合がございます。