answer,glossary,synonym,synonym2,synonym3
骨上げをしたご遺骨を安置する祭壇のことを指し、一般的に四十九日の忌明けまではご遺骨はここに安置されます。別名で自宅飾り、中陰壇（ちゅういんだん）とも言い、ご葬儀を仏式で行った場合、お位牌、線香、供物などをお供えし、お骨を安置して供養します。,後飾り,あとかざり,,
神式のご葬儀に使用される玉串やお供え物を乗せる白木でできた机や台のことをいいます。,案,あん,,
ご葬儀の日までご遺体を寝かせておくことを安置といいます。亡くなってから24時間はご遺体を火葬してはいけないという法律があり、ご遺体は最低1日間安置する必要があります。そのため、葬儀の内容を決めていく際に、安置方法を決める必要があります。,安置,あんち,,
先祖代々受け継がれている、各家単位のお墓のことを家墓といいます。「●●家先祖代々之墓」や「●●家乃（之）墓」と刻まれていることが多いです。,家墓,いえはか,,
ご葬儀を終え、故人様の火葬されたご遺骨をいったん自宅へと運び迎えることを遺骨迎えといいます。「遺骨迎えの儀」は、祭壇に安置した後、僧侶にお経をあげてもらい、ご遺族等が焼香をする儀式になります。,遺骨迎え,いこつむかえ,,
遺言の内容に従って、遺産の処分、名義変更、引渡し等を行います。遺言により、遺言執行者が指定されている場合または指定の委託がある場合は、遺言執行者が就任しただちに任務を開始します。相続執行者がなくても相続人が遺言の内容を実現することが可能ですが、手続きを円滑に進めるためには遺言執行者を指定しておくほうがよでしょう。,遺言の執行,いごんのしっこう,,
遺産とは、亡くなった人が残した財産のことをいいます。金銭的な価値のあるものは、不動産、現金、預貯金や株などの他にも、死亡保険などをはじめとする保険金、借地権、著作権、債権なども遺産として相続の対象になります。,遺産,いさん,,
共同相続人に共有的に帰属していた相続財産を、各相続人の相続分に応じて、各相続人に分けることをいいます。遺産分割によって、各相続人が具体的に何を相続するかが決まります。遺産分割の方法には「指定分割」「協議分割」「審判分割」があります。,遺産分割,いさんぶんかつ,,
遺言によって遺言者の財産を無償で譲ることをいいます。本来の相続人に対する遺贈も可能ですが、この場合は相続とすることもでき、相続税などの計算の際は相続より遺贈の方が不利となります。遺贈は単独行為であり、契約である死因贈与とは異なります。,遺贈,いぞう,,
故人様が亡くなったあとに残された家族・親族のことを遺族いいます。遺族の範囲は、恩給法では死亡者の配偶者・子・父・母・孫・祖父・祖母および兄弟姉妹。労働基準法では、労働者が死亡当に労働者の収入で生計を維持していた方をいいます。,遺族,いぞく,,
(1)国民年金に加入中の人(2)国民年金に加入していた人で６０歳以上６５歳未満の人(3)老齢基礎年金を受けている人や受給資格期間を満たしている人。（1）（2）（3）の方が死亡した場合に、ご遺族に支払われる国民年金の給付のことをいいます。,遺族基礎年金,いぞくきそねんきん,,
共済に加入している人が(1)在職中に死亡した場合(2)在職中の病気やけがが原因で死亡した場合や、退職共済年金を受けている人が死亡した場合などに、遺族に支払われる年金のことをいいます。,遺族共済年金,いぞくきょうさいねんきん,,
死体が一般的な表現であるのに対して、遺体は死者と特別な関係にあった遺族・知人などにとっての死体のことをいいます。,遺体,いたい,,
遺体衛生保全とは、ご遺体を洗浄・消毒し体内に防腐剤などを注入することで腐敗を止め、感染症の心配もなくご遺体を長期保存できるようになります。お顔などを整え生前の姿に回復し、ご遺族の悲嘆の心情を和らげ、ゆとりあるお別れができる効果もあります。,遺体衛生保全,いたいえいせいほぜん,,
「旅立てば、同じ御浄土に咲く蓮でお会い致しましょう。」という、浄土での再会を言い表した言葉です。連れ合い、夫婦や友人が極楽浄土にて再会し、一緒に暮らそうという願いがあり、そして救いのある言葉です。,一蓮托生,いちれんたくしょう,,
故人様が亡くなってから一年後に行う法要のこといます。この法要は、僧侶より読経をいただき、焼香、法話、会食という流れで行います。,一周忌法要,いっしゅうきほうよう,,
故人様の霊を祀るために、戒名、俗名、死亡年月日、年齢を記した仏具を位牌と言います。ご葬儀の時には、白木位牌を用いて、四十九日の忌明け後に、塗位牌（本位牌）に変え、仏壇にお祀りします。,位牌,いはい,,
結婚式や葬儀の場において、使用を控えた方が良いとされる言葉を忌み言葉と言います。お悔やみの挨拶や、弔辞には使わないよう注意します。例えば、「重ね重ね」「返す返す」「たびたび」「たび重なる」「くれぐれも」「追って」などがあります。,忌み言葉,いみことば,,
「忌む」とは、呪術的な信仰などから、「不吉なものとして避ける」ことや、「禁忌とする 」ことをいいます。「忌」には、親族に不幸があった場合は気が枯れた状態なので、他者との接触などを慎みなさいという強制の意味合いが含まれています。,忌,いむ,,
被相続人の兄弟姉妹以外の相続人に相続財産を必ず承継できる一定の割合を保証した分となります。,遺留分,いりゅうぶん,,
遠方に住んでいて会場まで行けない、入院中などの事情で葬儀に駆けつけたい気持ちはあっても、葬儀式場に行けないといった際に、インターネットを通して、葬儀式場から中継されるご葬儀を見守ることをいいます。,インターネット葬,いんたーねっとそう,,
戒名や法名のひとつで、下に院の字が付く称号をいいます。以前は院号の下の位とされていましたが、江戸時代以降に権力者が「院殿号」を用いたことから、事実上の最高位とされています。この位のつけ方は、戒名文字の多さによるものとも考えられています。 ,院殿号,いんでんごう,,
死者を成仏させるために法語を与え、行くべき世界を教えることを引導と言います。ご葬儀の中で行う引導の習俗は、浄土真宗を除く各宗派で行われていますが、その作法は異なっています。,引導,いんどう,,
仏前の前机を飾る布のことをいいます。さまざまな形があり、四角形や三角形で主に金襴や緞子などの材質が使われています。,打敷き,うちしき,,
７月１３日～１６日 （または８月１３日～１６日）に祖先の霊を迎えて供養する行事を盂蘭盆会と言います。お盆、精霊会。一般に１３日を迎え盆、１６日を送り盆といい、その間、家々に精霊棚を設け、祖先の霊を迎えます。,盂蘭盆会,うらぼんえ,,
「上机」または「上卓」とは、中型以上の仏壇で、三具足や仏飯器、茶湯器を置くために使われる小型の机のことを言います。,上机,うわづくえ,,
菩提寺が施主に代わり永久に法要を営んでくれること。またはその取り決めのことを言います。仏の供養をする人が途絶えてしまうとか、子供や孫に代わって、菩提寺の僧侶にお願いして、仏の命日に供養していただくこと。,永代供養,えいたいくよう,,
墓地継承者が途絶えたり、墓地や納骨堂を継承する人がいないことを前提として、寺院が代わりに一定期間、供養を行う契約形態を永代供養信託といいます。永代といっても年数に限りがあり、菩提寺にもよりますが、三十三回忌の法要までが目安となっています。,永代供養信託,えいだいくようしんたく,,
墓地の一般的な使用権を示し、永久に使用を許可するのではなく、承継者がいるかぎり期限を定めずに使用を許可することをいいます。この使用を許可されたとき、使用者は永代使用料を支払います。,永代使用,えいたいしよう,,
自ら修めた善行の功徳が、他にめぐらされ及ぶことを期すること。仏事法要を営み、その功徳が死者の霊を平穏にさせること。一般的には、亡くなった人に追善として功徳をお供えすることです。,回向,えこう,,
「地球にやさしい葬儀」のことをエコ葬儀をいいます。棺を通常よく利用されている木製から特殊な紙製に変えて燃焼時間を短縮し、CO2の排出量を減らすこと。また、葬儀の際に出す料理に無駄が出ないよう配慮し、残飯を減らすことなど。,エコ葬儀,えこそうぎ,,
エンディングプランとは自身の人生の終末とその後について考え、具体的に何をどうするかを決めていく計画のことをいいます。,エンディングプラン,えんでぃんぐぷらん,,
相続税の申告期限までに金銭で一括納付することが困難な場合に、分割払いで納税できる制度のことをいいます。年に１回、元利均等方式で支払うことになります。,延納,えんのう,,
ご葬儀の際、導師が死者に対し、戒を授けて髪を剃る儀式。帰敬式とも言います。「お剃刀」の儀式は、釈迦が太子であったとき発心して城を出て仙人のところに行き、自ら利剣をもって髪を切ったことに由来します。,お剃刀,おかみそり,,
法事を行う僧侶が会食に参席なされなかった際に、御膳の代わり渡すお心づけのことをいいます。,御膳料,おぜんりょう,,
僧侶へ渡すお布施のひとつで、ご葬儀や法事の際に僧侶に足を運んでもらった場合に交通費にあたるものとして渡すものです。本来は、僧侶の送迎ができない際に渡していました。,御車代,おくるまだい,,
日蓮宗で唱える南無妙法蓮華経の七字。「法華経」に帰依し、南無妙法蓮華経と唱えることをいいます。,お題目,おだいもく,,
初七日など法事のあとで行う会食をお斎と言います。元来は僧の食事のこと。関東では、通夜振る舞いや精進落としの宴席を「お清め」と呼ぶこともあり、地方によっては、「出立ちの膳」といい、出棺前に食事を出すこともあります。,お斎,おとき,,
お墓とは、故人様を埋葬する場所です。埋葬した後は手を合わせ、供養の対象となる場所でもあります。,お墓,おはか,,
ご遺体を収める箱のことを棺と言います。お棺のサイズは、火葬場の窯の関係で最大寸法が決まっています。材質はひのき、もみ、きり、ベニヤ合板などいろいろあります。,お棺,おひつぎ,,
浄土真宗の法事にさいして読唱される文章のことを御文と言います。特に真宗大谷派で言います。なお本願寺派では、「御文章」と読んでいます。,御文,おふみ,,
出棺を前に棺の蓋を外し遺族らがご遺体と対面し花などを入れて最後の別れの時をもつことをいいます。,お別れの儀,おわかれのぎ,,
新しく作った位牌やご本尊を賛嘆供養し、神威を迎えることを開眼供養といいます。開眼供養は仏壇を初めて購入した場合に僧侶を招き行います。このときの法要は宗派によって異なります。,開眼供養,かいげんくよう,,
ご葬儀に参列する人の中でもご遺族側ではなく、弔問に訪れた人のことをいいます。,会葬,かいそう,,
一度葬った遺体、お骨をよそへ移し直すことを改葬といいます。改葬を行うにはお墓を管理をしている寺院および、移転先の寺院・霊園にあらかじめ許可を取ります。また改葬には、書類上の手続きも必要になります。,改葬,かいそう,,
通夜や葬儀に足を運んでいただいた弔問客に対して、お礼として差し上げる品のことをいいます。会葬御礼は、一般的にハンカチやお茶、のりなど500円〜1000円程度のお品物と清めの塩にあいさつ状を添えてお渡しします,会葬御礼品,かいそうおんれいひん,,
ご会葬者への挨拶は出棺の際に喪主様が行います。喪主様が女性や未成年者、老齢者などの場合、親族代表が挨拶する場合もあります。会葬に対するお礼、故人様が受けた生前の厚誼に対する感謝の言葉、今後の遺族に対する支援のお願いなどを手短にまとめます。,会葬者への挨拶,かいそうしゃへのあいさつ,,
ご葬儀に会葬した人に手渡す礼品のことを言います。「粗供養」とも言います。,会葬返礼品,かいそうへんれいひん,,
ご葬儀に会葬した人に手渡す礼品のことを言います。「粗供養」とも言います。,会葬礼品,かいそうれいひん,,
仏の弟子となった証として、死者におくられる名前の総称であり、天台宗、真言宗などでは「戒名」といいます。戒名は仏弟子となってその成仏を表現できるような文字を選んで名づけられるもので、多くは漢訳経典のなかの文字を選んで戒名にします。,戒名,かいみょう,,
所得税の確定申告が必要な人が亡くなった場合、その年の１月１日から死亡の日までの期間の所得を相続開始を知った日から４ヶ月以内に確定申告しなければなりません。,準確定申告,かくていしんこく,,
土地の所有者が建物を建築し、その建物を賃貸している場合、その建物の敷地は借家人に間接的に使用収益させていることにり、「その宅地の自用地価額×借地権割合×借家権割合×賃貸割合」で計算した価額を自用地価額から控除して貸家建付地として評価します。,貸家建付地,かしやたてつけち,,
ご遺体を火で焼く葬法を火葬といいます。明治になり公衆衛生上の理由から政府が促進し、一般的に行われるようになった。,火葬,かそう,,
神式のご葬儀において火葬場の炉前で行われる故人様とのお別れの儀式で、仏式葬儀の「納めの式」にあたります。,火葬祭,かそうさい,,
お通夜・告別式などの儀式を行わずにごく限られた親しい方のみで、最低限のご火葬のみを行う最もシンプルな葬儀形式のことをいいます。,火葬式,かそうしき,,
ご遺体を火葬する施設のことをいいます。,火葬場,かそうじよう,,
火葬直前に行う、冥福を祈るための儀式のことをいいます。,火葬前読経,かそうぜんどっきょう,,
左右の手のひらを胸または顔の前で合わせ、礼をすること。神仏に祈ったり、死者に冥福を祈ったりするときの基本的な動作のことを合掌と言います。,合掌,がっしょう,,
家族単位ではなく、広く共同に利用するお墓のことをいいます。骨壷単位で収納するところと、骨査から聞けて、故人様を特定できない形で収納するケースとがあります。永代供養墓は仏教的表現ということで公営や民営では合葬墓といいます。,合葬墓,がっそうぼ,,
金属製の小型のたたいて鳴らす仏具のことをいいます。,鉦,かね,,
国民年金の第１号被保険者として保険料を納めた期間（保険料の免除を受けた期間を含む）が２５年以上ある夫が死亡した場合、１０年以上婚姻関係（事実上の婚姻関係を含む）のあった妻に、６０歳から６５歳になるまで支給される国民年金独自の年金をいいます。,寡婦年金,かふねんきん,,
一つの部屋に同席する場合、上位の者が座る場所を上座、下位の者の場を下座といいます。,上座下座,かみざしもざ,,
死者の家の神棚の扉を閉め白い紙（半紙）を張る習慣のことをいいます。死の穢れが神に及ばないように行うものです。,神棚封じ,かみだなふうじ,,
紫檀・黒檀など熱帯産の木材で作られた仏壇のことをいいます。,唐木仏壇,からきぶつだん,,
お骨上げの後に遺骨を安置し位牌を納め、灯明をつけ線香を揚げ、遺骨に対して初めて行うお勤めの読経のことをいいます。 最近では、このときに初七日の法要も兼ねて行うことが多くなってきました。,還骨回向,かんこつえこう,,
火葬後のお骨を祭壇にお迎えし、ご遺族やご会葬者が後飾りの祭壇の前に集まり、灯明をつけて線香を揚げて僧侶に経をあげてもらう儀式。「還骨」とは亡くなった方が「お骨」に「還った」という意味で、「勤行」とは「おつとめ」「精進」という意味があります。,還骨勤行,かんこつごんぎょう,,
頭頂に水を注ぐことをいいます。あるいは霊の供養のため、墓石に柄杓で水を注ぎかけることをいいます。灌頂は密教の儀式の一つで、仏位を継承する際に行います。,灌頂,かんちょう,,
故人様が亡くなってから四十九日間を中陰といい、その中陰が明けることをいいます。神式葬儀では、五十日祭の翌日に行われる清祓いの儀をもって忌明けとします。,忌明け,きあけ,,
相続財産の総額から控除できる金額をいいます。3000万円＋（法定相続人の数×600万円）となります。故人様の財産が基礎控除額を超えると相続税がかかる事になりますが、財産から基礎控除額を差し引く事ができ、差し引いた分、相続税が少なくなります。,基礎控除額,きそこうじょがく,,
平成9年1月から導入された1人に1つ与えられた年金番号で、国民年金や厚生年金、共済組合など、どの制度に加入していても共通して使用します。,基礎年金番号,きそねんきんばんごう,,
仏式では故人様を安置する際に北に頭を向けます。この由来は、釈尊が入滅する時、頭を北向きにして額を西の方に向き、右脇を下に寝ていた故事にならったものとされています。,北枕,きたまくら,,
近親に死者があって忌にこもる期間であり、特に死後四九日間のことをいいます。この間は、死を悼む気持ちから派手な交際などを避けて慎しみます。,忌中,きちゅう,,
四十九日の間には精進料理を食べて故人様の供養をしてきた人たちが、忌明けに精進落としでお肉やお魚を食べて、通常の生活に戻るけじめになる会食のことをいいます。,忌中払い,きちゅうばらい,,
「忌日」とは、故人様が亡くなった日のことをいい、「命日」「忌辰（きしん）」「不楽日（ふぎょうにち）」「遠日（おんにち）」とも呼ばれます。死後七日毎の初七日（しょなのか）から七七日（しちしちにち）までの四十九日や百か日も、忌日と同じとします。,忌日,きにち,,
ご遺族が一定の期間喪に服するならわしのこと。忌服期間は、故人様の続柄によって異なります。一般には仏教のしきたりに従って、忌の期間は、死後四十九日、服の期間は１年とされています。,忌服,きふく,,
死装束のひとつで、仏衣を死者に着せるとき脚に巻くものをいいます。,脚絆,きゃはん,,
仏式でいうところのご葬儀である神葬祭が「神聖な場所」の神社ではなく、自宅か斎場で執り行います。神道では亡くなったことを帰幽といい亡くなった方の生まれ育った場所の氏神となる神社に帰幽報告をします。,帰幽祭,きゆうさい,,
仏式で死者に着せる経の書かれた白い着物をいいます。西方浄土に旅立つ巡礼者の姿になぞらえたもので、本来故人様のゆかりのある女性の手によって糸尻を止めずに縫われました。最近では白衣の上から経帷子をかけたり、生前好んだ着物やスーツを着せることも。,経帷子,きょうかたびら,,
被相続人の遺言による指定がない場合は、共同相続人全員の協議で遺産分割を行います。協議分割を行う場合は、共同相続人全員の参加と同意が必要になります。一部の共同相続人を除いたり、一部の共同相続人の意思を無視して行った分割協議は無効になります。,協議分割,きょうぎぶんかつ,,
経典を置いたり、読誦の時に用いる机のことをいいます。前机や経卓ともいい、禅宗では経案 ともいいます。,経机,きょうづくえ,,
仏教の教理を書いた書物。一般の檀家では、自分の属している宗派の経本を用意しています。,経典,きょうてん,,
神道で使われる言葉で、仏教でいう四十九日法要のことです。神社では行わず、式場・自宅・墓前などで祭祀を執り行います。この日をもって忌明けとなり、神棚や祖霊舎を封じてあった白紙を取り、故人様の霊璽を祖霊舎にうつしてご先祖様と共にお祀りします。,五十日祭,ごじゅうにちさい,,
古来から人々は死を恐れ、死を穢れたものとして見てきました。葬儀に携わったものは穢れを受けるので、身を清めなければならないとされ、今でも通夜や葬儀の時に、会葬御礼の挨拶状とともに小さな袋に詰められた塩、お清め塩が配られることが多く見られます。,清め,きよめ,,
火葬場から帰宅した際に、玄関先で手を洗い身体に塩をふりかけて清める習慣、またはその塩を清め塩と言います。本来は穢れを嫌う神道の伝統からきています。,清め塩,きよめじお,,
仏堂などで仏前に供え荘厳する花のことをいいます。ご葬儀で花を供えることは供花と書き、「きょうか」と呼び区別するのが通例です。,供華,くげ,,
ご葬儀の際に式場にはりめぐらす、白と黒が同幅で縦に並んだ幕のことをいいます。ご葬儀を行う斎場や家の周囲にさげられます。葬儀式場の内部を仕切る役割もあり、見せたくない部分を隠すために使われることもあります。,鯨幕,くじらまく,,
「三具足」、「五具足」、「四具足」などお仏壇にお祀りする仏具一式のことをいいます。,具足,ぐそく,,
自治体が住民へのサービスの一環として行っている葬儀プランを区民葬・市民葬といいます。ご葬儀の一部分について自治体と協力する葬儀社とで協定料金を定めています。一方、区民葬・市民葬のプランに含まれないものは追加での発注となります。,区民葬,くみんそう,,
故神や仏あるいは先祖や故人の霊など、信仰あるいは崇拝する対象に捧げるもの（供え物・お供え）を指します。,供物,くもつ,,
死者の霊に供え物（お香・お華・灯明・飲食）をして、死者の冥福(めいふく)を祈ること。,供養,くよう,,
英語で「死別の悲嘆」のことをいいます。死別を体験したご遺族は悲嘆に陥り、場合によりショックを受け無反応になったり、怒りが他者や自分に向けられたり、抑鬱状態に陥ることをいいます。,グリーフ,ぐりーふ,,
遺族厚生年金の加算給付の１つです。遺族厚生年金を受けている妻が６５歳になり、自分の老齢基礎年金を受けるようになったときに、６５歳までの中高齢寡婦加算に代わり加算される一定額を経過的寡婦加算といいます。,経過的寡婦加算,けいかてきかふかさん,,
僧が身にまとう衣服。左方から右脇下にかけて衣の上にまとう、長方形の布のことを言います。大、中、小からなり、三衣 （さんね）ともいいます。,袈裟,けさ,,
界を結んで空間を打ちと外に分け、内側を浄 （聖）、外側を不浄 （俗）とに区分けすることを結界と言います。ご葬儀においては、幕などで結界をつくります。神道ではしめ縄があたります。,結界,けっかい,,
死体を調べ医学的に事実的に確認することをいいます。,検案,けんあん,,
告別式のときに、死者に生花を捧げることを献花と言います。キリスト教では新・旧ともに葬儀のときは献花をします。カトリックは、告別式において献花と焼香を。プロテスタントは、葬儀式の直後に会葬者は祭壇に進み、花を献花台に供えます。,献花,けんか,,
相続人が遺産を相続するとき、受け継ぐプラスの財産の範囲内で被相続人の債務を負担するという条件付相続です。,限定承認,げんていしょうにん,,
封印のある遺言書は、相続人やその代理人が立ち会って家庭裁判所で開封しなければならないと決められいます。その際に、遺言書の形式や状態を調査して、検証・確認することを「検認」といいます。,検認,けんにん,,
献杯は故人様に敬意を表し杯を捧げることです。お葬式後の精進落としだけでなく、法要での挨拶の場でも用いられます。献杯の際は静かに発声し、盃を上げても胸元から顔くらいまでにとどめ、グラスを打ち合わせることはやめましょう。,献盃,けんぱい,,
遺産の分割方法として最も原則的でシンプルな方法で、ひとつひとつの財産をあるがままの姿で分割することをいいます。土地はＡに、預金はＢに、自動車はＣに…と財産を具体的に各相続人に分けます。,現物分割,げんぶつぶんかつ,,
市町村などの地方自治体が所有・運営・管理している墓地をいいます。公営という安心感、墓地の使用料・管理料等が割安、宗教を問わない、石材店を自由に選べるなどが特徴です。自治体の管轄内に現住所がある、手元にご遺骨があることなどの条件があります。,公営墓地,こうえいぼち,,
暦月単位に自己負担額が一定額を超えた場合、超えた分が戻ってくる制度のことをいいます。入院し、お亡くなりになった場合、本来故人様に支払われるべき高額療養費がご遺族に支払われます。 ,高額療養費,こうがくりょうようひ,,
香典をいただいた方に、挨拶状を添えてお返しする品物のことを香典返しと言います。香典返しの金額は「半返し」といって、二分の一から三分の一ほど返すのが慣習となっています。,香典返し,こうでんがえし,,
ご遺族と会社など、ご葬儀の主催が複数の組織にまたがったときのご葬儀のことをいいます。,合同葬,ごうどうそう,,
仏前供養のための五物。即ち香炉、燭台一対、花瓶一対の五個を一組とするもの。香炉を中央に、左右に燭台、花瓶を配置します。,五具足,ごぐそく,,
ご葬儀を執り行うにあたって、お世話になった方へのお礼のことをいいます。葬儀社によっては計上されるところもあるので、葬儀を依頼する際に事前に確認したほうがよいでしょう。,心づけ,こころづけ,,
お棺を乗せて運ぶものを輿といいます。平安時代においてはお棺を輿にのせて運んでいましたが、一般的に使われだしたのは明治からです。大正時代になると葬列廃止の動きが急激に進み、それに代わり輿をかたどった霊柩車が登場しました。,輿,こし,,
在家の男子であって、仏教に帰依した者をいいます。男の戒名の下につける称。今日では浄土真宗以外の諸派で、戒名に用いています。,居士,こじ,,
人の死を悼み悲しむこと。お悔やみ言葉のことをいいます。 同じような意味では、悲哀、哀愁、悲傷、感傷、,ご愁傷,ごしゅうしょう,,
骨上げとは、火葬を行った後に箸でご遺骨を拾い、骨壺に納めることです。故人様が三途の川を渡り、無事があの世へ渡れるように橋渡しをするという想いが込められています。,骨あげ,こつあげ,,
焼香は遺族、親族、一般参列者の順で行います。このとき遺族焼香と参列者焼香を指名で行うこともあり、これを「呼名焼香」「指名焼香」といいます。,呼名焼香,こめいしょうこう,,
ご葬儀や告別式を行うことを目的に作られた式場のことをいいます。ご自宅以外でのご葬儀、社葬は斎場や寺院を借りて行います。,斎場,さいじょう,,
ご葬儀に用いられる、仏・菩薩、故人様を供養するための壇を言います。遺影写真や供物や飾り、故人を偲び供養します。伝統的に白木祭壇が用いられてきましたが、近年、花祭壇を選ばれる方も増えています。,祭壇,さいだん,,
冥土にあるとされる河原の名前です。母親の生みの恩に報いないで亡くなった子供は、その罪で賽の河原に行き、刑罰を受けると言われています｡,賽の河原,さいのかわら,,
老齢厚生年金の額は、加入期間中の標準報酬を平均して算出した平均標準報酬月額を基に計算されます。過去の低い標準報酬をそのまま平均すると、年金の実質価値が低くなります。過去の標準報酬を現役世代の手取り賃金の上昇率に応じて見直した上で平均しており、再評価といいます。,再評価,さいひょうか,,
相続税を計算するときは、被相続人が残した借入金などの債務を遺産総額から差し引くことができます。これが債務控除です。差し引くことができる債務は、被相続人が死亡したときにあった債務で確実と認められるものとなります。,債務控除,さいむこうじょ,,
つばき科の常緑高木のことをいいます。枝葉はしばしば依代として神式葬祭に用いら、玉串もその一つです。,榊,さかき,,
普段とは逆なことを行い、日常と非日常を区別すること。その慣わしは一つには魔除けのため、一つには死後の世界が生の世界の裏返しになっているという配慮からと言われています。「逆さ着物」や「逆さ屏風」などといった日常と逆さまにする慣わしがあります。,逆さごと,さかさごと,,
湯灌の際に使用するぬるま湯のこいといいます。逆さ水を作る際は、お水の中にお湯を入れてぬるま湯をつくります。また、ご遺体に湯をかける時も左手で柄杓に水を汲み、足もとから少しずつ身体に向かって掛けていきます。,逆さ水,さかさみず,,
火葬後のお骨を粉末状にし、陸・海・空など様々な場所に撒く供養方法のことです。近年では遠洋に散骨する「海洋散骨」などが話題となり認知され、人気の埋葬方法になりつつあります。,散骨,さんこつ,,
人が亡くなりあの世に行く途中、初七日に渡るという川のことをいいます。葬頭河とも三つ瀬河ともいいます。人が亡くなればこの河を越さなければなりませんが、川の瀬に緩急の異なる三途があり、生前の罪の軽重によってこの三途のうちの一つを渡るといいます。,三途の川,さんずのかわ,,
社寺などに参って神仏を拝むことをいいます。神棚に礼拝する時は、まず手を清め口をすすいでから二礼、二拍手、最後に一礼します。,参拝,さんぱい,,
特に関西で葬儀後に関係者を慰労し、その費用の支払いをすることをいいます。ご親族およびお世話になった各係の方々にお礼と労いの意を込めて、お料理でおもてなしすることを仕上げ料理といいます。,仕上げ,しあげ,,
宗教法人の経営する墓地で、当該の檀信徒・信者の死者祭杷のために供されている墓地をいいます。檀信徒などの死者祭杷のための施設であるから寺院の宗教施設の一部という位置づけであり、当該宗教法人の檀信徒以外は使用できないのが原則となっています。,寺院境内墓地,じいんけいだいぼち,,
贈与者が死亡したことを条件とする贈与のことをいいます。遺贈と似ていますが、「死んだらこの財産をあげる」など、当事者間の事前の契約による点が遺贈とは異なります。,死因贈与,しいんぞうよ,,
宗教法人が経営する墓地をいいます。寺院が墓地経営をすることは、法律上、宗教活動の一環と考えられ、墓地を利用するためには、その寺院の檀家となることが前提となっています。,寺院墓地,じいんぼち,,
死の穢れのことをいいます。古代・中世において死は恐怖の対象と見られ、死は伝染すると信じられてきました。死体、それと接する遺族は死識に染まっていると考えられ、清められるべきものと考えられた。ご葬儀に出た者が家に入るとき清めをした。,死穢,しえ,,
葬具のひとつであり、白紙を竹串に巻きつけ、横に細かくハサミを入れたもの。四華の由来は、釈尊が涅槃に入られるとき、死を痛み悲しんで四本の沙羅双樹の花が白く変化したことからなぞらえ、死者が涅槃に入ったことを象徴しています。,四華花,しかばな,,
主催者側を代表して行なう挨拶のことをいいます。また、社葬などの大きなご葬儀で葬儀委員長が行なう挨拶のことを言います。,式辞,しきじ,,
筋肉が硬化して関節が動かなくなる現象をいいます。死後2時間ほどで顎関節に出現、順次全身に及び、6～8時間で手足に認められる。およそ20時間後が最も硬直が強い。その後、腐敗の進行とともに硬直は解けていきます。,死後硬直,しごこうちよく,,
死の判定直後に行われるご遺体に対する清浄、傷口などの処置、衛生的処置、着替え、死化粧などをいいます。清拭ともいわれます。病院では看護婦（医療関係者）の手で行われ、在宅死の場合は訪問看護婦、もしくは葬祭従事者が行います。,死後の処置,しごのしよち,,
カトリックの神父のことをいいます。,司祭,しさい,,
四十九日は死後49日目のことを言います。宗派によって若干違いはありますが、49日の間に極楽浄土に行けるかの「裁き」が7日ごとに行われると言われています。そのため遺族は7日ごとの裁きの日に法要を営み、故人様が極楽浄土に行けるように祈ります。,四十九日,しじゅうくにち,,
自然に血の繋がりのある血族相続人のことをいいます。これに対し、養子縁組により血の繋がりを認められたことを「法定血族」といいます。,自然血族,しぜんけつぞく,,
診察していた医師がいない、あるいは犯罪死・災害死などの異常死に際して警察医(監察医)が死体を検案し発行する証明書のことをいいます。,死体検案書,したいけんあんしょ,,
生死不明の者（死体が確認できていない者など）にかかわる法律関係をいったん確定させるための便宜上の制度をいいます。この宣告を受けた者は死亡したものとみなされることになります。 ,失踪宣告,しっそうせんこく,,
しめ縄、または玉串などにつけてたらす紙のことをいいます。古くは木綿を用いていました。,紙垂,しで,,
亡くなった方が遺言により相続人に相続させる財産やその割合を指定することをいいます。,指定相続分,していそうぞくぶん,,
遺産の分割方法を遺言で指定する方法です。遺言書を作っておけば、共同相続人はこの遺言どおりに分けることになります。遺産分割に関しては、遺言による指定が最も優先されますが、遺留分を侵害された相続人には、遺留分減殺請求権があります。 ,指定分割,していぶんかつ,,
人が亡くなるとき、または亡くなったばかりの故人様の口に、人生最後の水を含ませること。末期の水とも言います。また、それだけでなく相手の命が尽きるまで看取るという意味も含まれております,死に水,しにみず,,
"①葬儀などで音を立てずに手を打ち合わせること。神式の葬儀において、玉串奉奠（たまぐしほうてん）の後に二礼二拍手一礼をする際、二拍手はしのび手で行う。反対に、音を鳴らして手を打ち合わせることを「柏手（かしわで）」という。
②神道で用いる、音を立てないように合わす拍手。神式葬儀に行います。玉串奉奠の後、遺影を正視し、冥福を祈って二礼・二拍手・一礼するが、このときにしのび手にします。また故人の一年祭までしのび手にします。
③神道の拝礼は2礼2拍手1拝であり、拍手のときのような両手を音を出して叩くようなやり方ではなく、両手を打つ手前で止め、音を立てない拍手をすることをいいます。玉串奉奠の後、遺影を正視し、冥福を祈って二礼・二拍手・一礼するが、このときにしのび手にします。また故人の一年祭までしのび手にします。
",しのび手,しのびて,,
神道のご葬儀の際、音を立てずに打ち合わす拍手のことをいいます。,忍手,しのびて,,
国民年金の第１号被保険者として保険料を３年以上納めた人が、老齢基礎年金、障害基礎年金のいずれも受けないままに亡くなったとき、その遺族に支給される一時金のことをいいます。,死亡一時金,しぼういちじきん,,
故人様が亡くなった事を確認する書類で、故人の死に立ち会った医師が記入します。記入事項は死者の氏名、年齢、性別、死亡時刻、死亡場所、死亡原因などで、死亡届といっしょに市区町村役場に提出します。,死亡診断書,しぼうしんだんしょ,,
正式には死亡届書といいます。死亡診断書と一対になった書類で、死亡後七日以内に役所に届けなければなりません。提出には届出人の印鑑が必要です。法務省の地方支分部局である法務局の戸籍課が管轄する行政機関への書類です。,死亡届,しぼうとどけ,,
神前や神事の場にめぐらして、神聖な場と不浄な外界とを区別するために用います。神葬では忌竹といい、葉つきの青竹を四方に立て、注連縄をつけて斎場の結界に用いたり、棺に注連縄をめぐらしたりします。,標縄,しめなわ,,
仏教の開祖のことをいいます。姓はゴーダマ、名はシッダルタ。生死解脱の法を求めて二十九歳のときに出家。三十五歳で菩提樹の下で悟りを開き、各地で法を説き八十歳でクシナガラ郊外で入滅しました。,釈迦,しゃか,,
国民年金、厚生年金、政府管掌健康保険の加入者の適用、保険料の徴収、保険給付の支給に至る一貫した窓口サービスを行っている社会保険庁の地方組織です。各都道府県の主要都市に設置され全国で約300カ所あります。 ,社会保険事務所,しゃかいほけんじむしょ,,
浄土真宗で、死者の法名の上につける語のことをいいます。男性は釈○○、女性は釈尼○○といい、居士や大姉などの位階を表わす称号は用いません。,釈号,しゃくごう,,
生前所属していた会社に特に功績があった場合や業務上の事故で亡くなった場合、会社が主催して執行される葬儀のことを社葬と言います。社葬の決定は、訃報を聞いたあと、ただちに緊急役員会議が開かれ、その形式が決められます。,社葬,しゃそう,,
遺贈によって利益を受ける者を受遺者といいます。遺言の効力発生の時に生存していなければなりませんので、遺言者の死亡する前に受遺者が死亡している時は、遺贈の効力は生じません。,受遺者,じゅいしゃ,,
火葬後に焼骨を拾い、骨壷に収めることをいいます。骨上げまたは収骨ともいいます。,拾骨,しゅうこつ,,
初七日から三十三回忌までの法事を修するときに、本尊とする十三体の仏・菩薩を言います。,十三仏,じゅうさんぶつ,,
各宗教の教えの中心となる基本理念のことをいいます。同じ宗教の中でも細分された教義によって分かれおり、仏教、キリスト教、イスラム教などの宗教には必ず「宗旨」というものが存在します。,宗旨,しゅうし,,
年金を受ける場合は、保険料を納めた期間や加入者であった期間等の合計が一定年数以上必要です。この年金を受ける為に必要な加入期間を受給資格期間といいます。公的年金では、全ての人に支給される老齢基礎年金の受給資格期間である２５年間が基本になります。,受給資格期間,じゅきゅうしかくきかん,,
仏前で礼拝する際に手にかけて用いる仏具。唱念のときに珠を手繰り、数を数える役目を果たします。数珠は左手にかけ、合掌するときは、両手の手のひらで、その数珠を挟むようにしてお参りします。,数珠,じゅず,,
告別式を終え、棺に釘打ちが行われたあとに霊柩車で棺を運び出すことを出棺といいます。霊柩車に運んだあと、遺族代表は見送りの方々に挨拶をし、喪主は位牌を、遺族または近親者が遺影を持って車に乗ります。,出棺,しゅっかん,,
神道の祭事に先立って、神職が行う清めの儀礼のことをいいます。斎主が大幣（おおぬさ）を使って、斎場・棺・参列者などを祓い清める儀式で、受ける人は、起立して深く頭を下げます。,修祓,しゅばつ,,
浄衣(じょうえ)とは清浄な衣服の意で、祭祀(さいし)、法会(ほうえ)などのときに用いられる衣服です。神葬祭での死装束には「神衣」とよばれる白の狩衣を用い、故人が男性なら烏帽子を被せ笏を持たせ、女性の場合には扇を持たせて「神様の姿」にします。,浄衣 ,じょうえ,,
国民年金に加入中に初診日がある病気・けがが原因で障害者になったときに支給される国民年金の給付です。６０歳以上６５歳未満で日本に住んでいれば、加入をやめた後の病気・けがによるものでも受けることができます。,障害基礎年金,しょうがいきそねんきん,,
厚生年金に加入している人が、在職中の病気や怪我で障害になったとき受けられる年金。1級・2級の場合は障害基礎年金と障害厚生年金。程度の軽い障害は、3級の障害厚生年金だけ支給。受けるには、障害基礎年金の保険料納付要件を満たしている事が必要です。,障害厚生年金,しょうがいこうせいねんきん,,
相続又は遺贈により財産を取得した者が、被相続人の法定相続人で、かつ、70歳未満の障害者である場合には、その者の算出税額から満70歳に達するまでの１年につき６万円（特別障害者は12万円）を乗じた金額が控除されます。,障害者控除,しょうがいしゃこうじょ,,
焼香を行う順番のことであり、焼香順序は血縁の濃い順に行います。,焼香順序,しょうこうじゅんじょ,,
火葬して焼かれた骨のことをいいます。,焼骨,しょうこつ,,
仏壇を御飾りすること。天蓋、憧幡で仏像・仏堂を飾ることをいいます。浄土を現わす極彩色の飾り物によって、聖なる空間を作り出します。,荘厳,しょうごん,,
魚肉類など、動物性の材料を使わないで、野菜などの植物性の材料を使った料理のことをいいます。精進とは一心に仏道修行に励むという意味があり、仏教では粗食をむねとし、肉食をしないのを原則にしていることから名づけられています。,精進料理,しょうじんりょうり,,
忌明けのめでたい月を祥月といい、命日は亡くなった日のことをいい、死亡した同じ月日を祥月命日といいます。,祥月命日,しょうつきめいにち,,
清らかで悩みも苦しみもなく、幸せに満ちた場所のことをいいます。あの世では仏の指導を受け、悟りを得ることができるとされています。薬師如来の東方浄瑠璃世界、阿弥陀仏の西方極楽浄土、大日如来の密厳浄土など、仏にはそれぞれの浄土があります。,浄土,じょうど,,
法然が宗祖の日本仏教の一派であり「浄土三部経」を聖典としています。自力教を排して、阿弥陀仏の大願力によって成就された浄土を理想とし、極楽浄土を目的とする教えのことをいいます。,浄土宗,じょうどしゅう,,
親鸞を宗祖とする仏教宗派の一つです（略して真宗という）。本尊は阿弥陀仏であり「南無弥陀仏」という六字名号も用いられています。浄土真宗には、本願寺派 （西本願寺）と大谷派 （東本願寺）があります。,浄土真宗,じょうどしんしゅう,,
お盆に先祖の霊を供養するために作られる飾り棚の事を精霊棚といいます。一般的にお盆の間は精霊棚の上に真菰のゴザを敷いて仏壇から位牌と三具足を飾り、お供え物を置く棚として使われます。,精霊棚,しょうりょうだな,,
昭和61年4月から基礎年金が導入され、共済組合も厚生年金と同様、基礎年金に上乗せする報酬比例の年金を支給する制度になりました。年金額の計算も厚生年金と同様です。,職域加算額,しょくいきかさんがく,,
亡くなった日から数えて七日目。またはその日の供養を初七日と言います。最近では告別式の当日に初七日の法要をすませてしまうことも多くなっています。,初七日,しょなのか,,
故人様が亡くなられた日から数えて7日目に行う法要のことをいいます。親戚や友人などご葬儀の際にお世話になった方々を招いて行います。最近は、遠隔地から訪れる親戚などに配慮して遺骨の迎えの法要といっしょに済ませることが多くなっています。,初七日の法要,しょなのかの,,
私立学校の教職員が加入する国の年金制度のことをいいます。学校法人、準学校法人の私立の幼稚園から大学、盲・ろう学校などの教職員が対象になります。平成10年1月から日本私立学校振興・共済事業団が運営しています。,私立学校教職員共済,しりつがっこうきょうしょくいんきょうさい,,
お盆提灯の一種で、絵柄のない白い提灯のことをいいます。新盆のために用い、地方によってはそれに戒名を書いたりします。,白張り提灯,しろばりちょうちん,,
空海 （弘法大師）を宗祖とする仏教宗派の一つです。真言宗には約一万二千の寺院があり、今日では高野山真言宗 （金剛峯寺）、真言宗智山派 （智積院）、同豊山派 （長谷寺）などに分位しています。,真言宗,しんごんしゅう,,
在俗の人で、受戒した男子のことをいいます。大居士、居士、大禅定、禅定、清信士などの男子の戒名の一つ。信義にあつい士人のことです。,信士,しんし,,
神道における葬儀にあたるものをいいます。死との関わりを避ける神道では、ご葬儀など弔事を神社で行うことはありません。したがってご葬儀は自宅や会場を借り、そこへ神職者を招いて行います。,神葬祭,しんそうさい,,
心臓死は「呼吸の停止」「心拍停止」「瞳孔散大・対光反射消失」の3点の不可逆的停止を判断して死亡を判定します。「不可逆的」とは元に戻ることがないという意味で蘇生の可能性がないということをいいます。,心臓死,しんぞうし,,
親子関係による血族関係と婚姻関係による婚族の総称をいいます。民法では六親等内の血族、三親等以内の婚族、および配偶者を一括して親族といいます。,親族,しんぞく,,
在俗の人で仏門に入った人のことをいいます。清大姉、大姉、大禅定尼、禅定尼、清信女などの女子の戒名の下につける語。,信女,しんにょ,,
海水中に遺体を沈める葬法のことをいいます。亡くなってから24時間が経過し、衛生面で船内で遺体保存ができない場合、本人写真を撮影、遺髪・遺品の保管、ご遺体が水に浮き上がらない処置を講じ、儀礼をもって水葬に付すことができると船員法で定めてある。,水葬,すいそう,,
仏像や経典のことをいいます。仏舎利塔を納めるもので、中国の厨房の調度品を納める容器からその形が発展したものと考えられます。厨子の形式には、一般的に両開きの扉を設け、屋根と台座のある独立したものです。,厨子,ずし,,
遺体の頭を北に向け、顔を西に向けて安置することをいいます。,頭北面西,ずほくめんさい,,
相続または遺贈、もしくは贈与によって財産を取得した時点で、日本国内に住所を有していない相続人のことをいいます。国内にあるものについてのみ相続税がかかります。,制限納税義務者,せいげんのうぜいぎむしゃ,,
洗礼式とともに、教会で最も重視されている典礼のことを聖餐式と言います。神の創造とキリストの恩寵に対する「感謝の礼拝」という意味があります。,聖餐式,せいさんしき,,
教会で祈りを捧げた水のことをいいます。キリスト式の通夜や告別式の際に司祭は献香または、聖水による撤水を行います。,聖水,せいすい,,
神道で神前に供える食べ物(興ノ)のうち洗米など未調理の食べ物のことをいいます。,生饌,せいせん,,
ご葬儀あるいは死後の処置について本人が予め内容、支払い方法を定め、事業者と契約しておくことをいいます。,生前契約,せいぜんけいやく,,
ご葬儀など死後のことについて生前に自分で準備することをいいます。,生前準備,せいぜんじゅんび,,
相続が発生する前に資産家から相続予定者等に資産を移すことをいいます。将来負担すべき相続税額を減少させ、また納税資金の用意も少なくて済むようになります。贈与税の申告は、1年間に基礎控除額110万円を超える価額の贈与を受けた者が行わないます。,生前贈与,せいぜんぞうよ,,
相続開始前3年以内に被相続人からの贈与を受けた事がある場合には、その贈与財産を相続財産に加算して相続税を計算します。相続財産に加算された贈与財産について贈与税がかかった場合、その支払った贈与税は、贈与税額控除により相続税額より差し引きます。,生前贈与加算,せいぜんぞうよかさん,,
ご葬儀について、本人が生前から契約を結んでおくことをいいます。自分のご葬儀でご遺族に経済的負担をかけたくない、またご葬儀に自分の意思を生かしたいとする考えから近年普及してきました。,生前予約,せいぜんよやく,,
キリストの血と肉を象徴するといわれるブドウ酒とパンを信者会衆に分かつ儀式のことをいいます。ミサ聖祭の際、聖体拝受の祈りと言葉を唱え、死者の冥福を祈るうちに儀式が進められます。,聖体拝受,せいたいはいじゅ,,
痴呆や知的障害などのために判断能力や意思能力が充分でない方々を、法律面・生活面で支援し、その権利の擁護を図ることを目的とした制度のことをいいます。成年後見人制度には大きく分けて、法定後見制度と任意後見制度のふたつがあります。,成年後見制度,せいねんこうけんにんせいど,,
施餓鬼（せがき）は、仏教の供養や説法などの法会（ほうえ）のひとつ。飢えに苦しんでいる生類(しょうるい)や、無縁仏となって弔う者のない仏の霊にお供え物をしてお経を読んで供養します。施餓鬼供養の多くは、お盆の時期に行われています。,施餓鬼,せがき,,
清浄な地や水に食べ物を投げ、悪道に落ちて飢餓えに苦しんでいる衆生や餓鬼に施す法会のことをいいます。真言宗、浄土宗、曹洞宗などでは八月の盂蘭盆に精霊供養として行っています。,施餓鬼会,せがきえ,,
ご葬儀において、ご葬儀を執り行うことをいいます。祭壇・棺などの必要な物日間の提供だけでなく、ご葬儀の企画・運営・進行管理などの役務を伴って行われる。,旋行,せこう,,
ご葬式や法事などの仏事を中心となってとりしきる人のことをいいます。または僧侶や寺院に物品を施す人を指します。,施主,せしゅ,,
生命のあるものを殺すことをいいます。仏教の戒律では最大の罪とされ、不殺生戒を第一条に揚げています。また人間を殺すことを大殺生戒、一般の動物も故意に殺すのを小殺生戒といって区別します。,殺生,せっしょう,,
喪主やご遺族以外の方で葬儀に関わる問題を行っていく方のことを言います。世話役代表は喪家の事情に詳しい人が適当で、受付、接待、会計係などを統括します。,世話役,せわやく,,
ご葬儀や法事の際に仏壇や墓地でたく線状の香のことをいいます。沈香、丁字、白壇などの香料を松脂で固めて作ります。仏への供え香には抹香が用いられてきましたが、取り扱いが便利な線香が広く普及するようになりました。,線香,せんこう,,
禅定を根本とする仏教の宗派のこと。日本では臨済宗、曹洞宗、黄檗宗の三宗を総称して禅宗といいます。,禅宗,ぜんしゅう,,
1972年に設立された、経済産業大臣認可の全日本葬祭業協同組合連合会の略語です。1956年（昭和31年）に加入組合は13、構成組合員は851名が集まり、全葬連の前身である日本葬祭業組合連合会を発足しています。,全葬連,ぜんそうれん,,
故人様の霊を遺体から霊璽に移す儀式のことをいいます。神道の儀式では重要な位置を占めます。灯をすべて消し、祭主は霊璽を棺に向け、還霊詞を述べます。「御霊移し」とも呼ばれます。,遷霊祭,せんれいさい,,
個人葬や社葬などを行う際に、葬儀の進行の手配や指示を中心となって行う人のことを葬儀委員長と言います。葬儀予算を喪主やご遺族と相談し、実務を執行する際に、いろいろな係を決め、そのまとめ役をします。,葬儀委員長,そうぎいいんちょう,,
故人様の冥福を祈るために、遺族や親族が営む弔いの儀式のことをいいます。死者を弔い、葬るための一連の儀式（湯灌、納棺、通夜、葬儀式、告別式、納骨、法要等）が葬儀（正確には葬送儀礼）です。,葬儀式,そうぎしき,,
葬儀サービスを提供する事業者のことをいいます。狭義には専門事業者をいいますが、広義にはご葬儀を取り扱う業者全般に対して使われます。,葬儀社,そうぎしゃ,,
ご遺体のお迎えに始まり、通夜・葬儀式・告別式。そして火葬・骨上げと続く葬儀葬送のかたちを整え、執り行うために必要な物品、人材、場所などにかかる費用のことをいいます。,葬儀費用,そうぎひよう,,
一般的にはご葬儀を行う際に用いる道具のことをいいます。かつては葬列に用いた道具(野道具)。野道具が変形したもの、仏具に起源をもつものがあります。葬具は非目六の特徴は金具は用いず、白木の木工製品か紙製品であることです。,葬具,そうぐ,,
死者を出した家族のことをいいます。西日本では「もけ」と読まれ、関東では「葬家」と書き「そうけ」と読まれることもあります。,喪家,そうけ,,
ご葬儀を執り行うためのサービスを提供する業者のことをいいます。,葬祭業者,そうさいぎょうしゃ,,
自営業など会社の健康保険に入っていない方が死亡したとき、自治体または国民健康保険組合から支給される費用のことをいいます。額は自治体によって異なりますが、おおむね5～10万円とされています。,葬祭費,そうさいひ,,
ご葬儀と告別式を一緒に行うもので近年多い形式のことをいいます。,葬式,そうしき,,
最初の相続と次の相続との間が10年以内で相続税を納めている場合に、その相続税のうち一定の金額を今回の相続税から控除でき、この控除のことをいいます。,相次相続控除,そうじそうぞくこうじょ,,
亡くなった人が、遺言により相続人に相続させる財産やその割合を指定することをいいます。,相続,そうぞく,,
亡くなった人（被相続人）が残した遺産を取得した人（相続人）が、取得した財産に対して課される税（国税）のことをいいます。,相続税,そうぞくぜい,,
相続または遺贈により財産を取得した方が、被相続人の子や親といった一親等の血族及び配偶者以外の場合は、各人の算出税額にその算出税額の2割を加算した金額が納付税額とされます。孫が遺贈により財産を取得した場合は、相続税額の2割加算の対象となります。,相続税の２割加算,そうぞくぜいのにわりかさん,,
相続が発生したときに、民法で遺産を受け継ぐことが認められている人をいいいます。死亡して遺産を残す人を「被相続人」といいます。相続人の資格を持っているのは、被相続人の配偶者、子、親、兄弟姉妹の4種類となります。,相続人,そうぞくにん,,
故人様に借金が多くて遺産額がマイナスの場合などに、相続する権利を捨てることになります。相続放棄には期限があり、相続の開始があったことを知ってから3か月以内に、所轄の家庭裁判所に相続放棄の申し立てをしなければなりません。,相続放棄,そうぞくほうき,,
相続財産に加算された贈与財産について贈与税がかかった場合、その支払った贈与税は、贈与税額控除により相続税額より差し引きます。,贈与税額控除,ぞうよぜいがくこうじょ,,
通夜・告別式当日に香典返しをお返しすること。,即日返し,そくじつがえし,,
通夜や葬儀にお参りに来て下さった方に会葬礼状に添えて渡す品物のことをいいます。お茶・スティックシュガー・ハンカチ・タオルなどが一般的となっています。,粗供養,そくよう,,
供養塔や墓標として伝えられ、頭部に五輪形を刻み、梵字などを記した板木の事を卒塔婆といいます。釈尊の遺骨を納めた仏塔である「ストゥーパ」が音訳されたものと言われています。,卒塔婆,そとば,,
神道で行う凶年おきに五十年祭まで祖霊(先祖の御霊)をお祭りすることをいいます。,祖霊祭,それいさい,,
人間の終末にあたり尊厳をもって死を迎えることをいいます。生前に尊厳死の意思表示しておき、有効な治療回復の手立てがないとき本人の生活の質を無視して延命治療するのではなく、痛み緩和の手立ては取るものの、できるだけ自然な死を選択します。,尊厳死,そんげんし,,
日本に住んでいる20歳以上60歳未満の人は、すべて国民年金に加入し、将来、基礎年金を受けます。国民年金では加入者を3種類に分けています。そのうち、20歳以上60歳未満の自営業者・農業者とその家族、学生、無職の人が第１号被保険者です。,第１号被保険者,だいいちごうひほけんしゃ,,
国民年金の加入者のうち、厚生年金、共済組合に加入している第２号被保険者に扶養されている20歳以上60歳未満の配偶者（年収が130万円未満の人）を第3号被保険者といいます。,第３号被保険者,だいさんごうひほけんしゃ,,
相続人が被相続人よりも先に死亡している場合や欠格や廃除によって相続権を失っている時は、その相続人の代わりに相続する権利を引き継ぐことをいいます。,代襲相続,だいしゅうそうぞく,,
相続人のうちの特定の人が、遺産の全部または大部分を特定の相続人が取得し、その相続人が他の相続人にその代償として自己の固有財産を支払う分割方法です。,代償分割,だいしゅうぶんかつ,,
共済に加入している人が、老齢基礎年金の受給資格期間を満たした時に、65歳から老齢基礎年金に上乗せして支給される年金です。,退職共済年金,たいしょくきょうさいねんきん,,
国民年金の加入者のうち、民間会社員や公務員など厚生年金、共済の加入者を第２号被保険者といいます。この人たちは、厚生年金や共済の加入者であると同時に、国民年金の加入者にもなります。,第２号被保険者,だいにごうひほけんしゃ,,
忌日の前夜とか年忌の前夜のことをいいます。この夜には僧侶を招いて位牌を飾り、故人様の冥福を祈る風習がありますが、現在は行われていません。,逮夜,たいや,,
食べ物を盛る脚付きの台のことをいいます。神饌を盛るさいに使い、仏前の左右に置き、果物を入れて供える脚の高い器も高月といいます。木製で漆塗りのもの、金箔を押したプラスチックのものなどがあります。,高月,たかつき,,
死に装束を着させて納棺することをいいます。,旅支度 ,たびじたく,,
被相続人の財産・債務を無条件、無制限に承継するものであり、最も一般的な相続の仕方です。単純承認した場合には、被相続人の権利義務をすべて引き継ぐことになりますので、マイナスの財産であっても相続分の割合に応じて責任を負うことになります。,単純承認,たんじゅんしょうにん,,
団体が主催して行う公的な葬儀のことをいいます。運営の責任を負うのが団体であれば、それが小規模の葬儀であっても団体葬になります。,団体葬,だんたいそう,,
死者および、ご遺族が所属している寺院のことをいいます。もともと梵語「ダーナ」は布施を意味し、布施を施す対象であるお寺のことを指します。,旦那寺,だんなでら,,
檀那寺は、ご葬儀やご供養をお願いするという点では菩提寺と同じですが、厳密には生きている者が檀家となって所属しているお寺のことを言います。檀那の梵語である「ダーナ」はお布施を意味し、お布施を施す対象であるお寺のことを指しています。,檀那寺,だんなでら,,
ご葬式のあとに祭壇を片付けることをいいます。そのあとに中陰壇を設置し、遺影を置いておまつりします。壇引きとも言います。,壇払い,だんばらい,,
地方公務員が加入する年金制度のことをいいます。都道府県や市町村に勤務する地方公務員、公立学校の教職員、警察官などが対象になります。,地方公務員共済組合,ちほうこうむいんきょうさいくみあい,,
正式な婚姻関係のある夫婦の間に生まれた子のことをいいます。,嫡出子,ちゃくしゅつし,,
亡くなったあと次の生を受けるまでの間の状態のことを言います。この間死者の魂は、三界、六道をさ迷うといわれますが、喪家では物忌みの期間として忌の生活を営みます。,中陰,ちゅういん,,
遺族厚生年金の加算給付の1つ。遺族基礎年金は子のいない妻には支給されません。子がいても18歳に達すれば支給されなくなりますが、夫が死亡した時に35歳以上で子のない妻が受ける遺族厚生年金は、40歳から65歳になるまでの間、中高齢の寡婦加算が加算されます。,中高齢寡婦加算,ちゅうこうれいかふかさん,,
生前、故人様と親しかった方が、故人様のご霊前で述べるお別れの言葉のことをいいます。正式な弔辞は巻紙に書きますが、現在では紙を蛇腹折にすることが多いです。弔辞を霊前に捧げたあとは、遺族の手で保管されますので、丁寧に、心をこめて書いてください。,弔辞,ちょうじ,,
手水とは、神社の鳥居をくぐってすぐにある手水舎で、拝礼の前に手を洗うことをいいます。神道の祭儀の前に行われる重要なもので、これを済ませてから席につきます。柄杓ですくった水は、三度に分けて注ぐのが正しい作法です。,手水,ちょうず,,
弔問や葬儀に参列できない場合に打つ、お悔やみの電報。電報は局番なしの１１５でかけ、宛名は普通喪主にします。,弔電,ちょうでん,,
故人の遺族を尋ね、お悔やみを述べることを弔問と言います。,弔問,ちょうもん,,
血族関係のある子や孫などを直系卑族、父や母、あるいは祖父母を直系尊属といいます。,直系血族,ちょっけいけつぞく,,
父母や祖父母など目上の血族のことをいいます。直系尊属が相続人になれる場合は、亡くなった人に子も孫もいないときだけになります。,直系尊属,ちょっけいそんぞく,,
血族のうち「自分を中心に世代が下で血のつながりがある方」のことをいいます。具体的には子、孫などのことをいいます。,直系卑属,ちょっけいひぞく,,
追善供養とは、生きている人が亡くなった人に対して行う供養のこと。故人様の命日に法事を行い、冥福を祈って供養することをいいます。生きている人が行う善行を持って、亡くなった人の善行になる、それがまた自分に戻ってくるという考え方です。,追善供養,ついぜんくよう,,
死亡広告の隣にご葬儀を請け負う葬祭業者の広告を宣伝すると共に、問い合わせ・供花などの注文先を案内するものをいいます。,付け広告,つけこうこく,,
お通夜とは、ご葬儀の前に故人様の魂と静かに寄り添いお別れするために過ごす最後の夜のことを言います。昔は近親者によって営まれましたが、現在は死者に対する社会的儀礼として、関係を持つものは通夜の席に出るようになりました。,通夜,つや,,
通夜を、酒や食事でもてなすことをいいます。地方によっては盛大に行われますが、最近の通夜振るまいは精進料理にこだわらず、手間のかからない軽食にすることが多くなりました。,通夜振るまい,つやぶるまい,,
死装束の仏衣のひとつで、手の甲を覆う布や革のことをいいます。,手甲,てっこう,,
日本仏教の八宗の一つ。法華経を根本とする宗派であり、平安時代に最澄が唐から戻ったのち、比叡山に延暦寺を建て日本天台宗を開創しました。鎌倉新仏教の宗祖が天台宗の本山である比叡山で修行ことからも日本仏教宗派の源泉といえます。,天台宗,てんだいしゅう,,
モニター画面でお参りをする新しい形のお墓ことをいいます。寺院が管理する電脳墓では、磁気カードに戒名・俗名、没年月日、故人様の生前の映像などのデータが収録されており、それらのデータをモニター画面に写しながら墓参りすることができます。,電脳墓,でんのうはか,,
ご葬儀において最も重要な役目をする僧侶を導師と言います。一般のご葬儀では、菩提寺の住職が導師を勤めます。本来は人々を導く師、仏教の教えを説く僧という意味になりますが、唱導の師というように理解され、儀式の中心的僧侶を指すようになりました。,導師,どうし,,
神仏に供えるともしびを言います。灯明はかつては松の油を用いた松灯台でしたが、現在は燭台・輪灯・灯篭が使われています。,灯明,とうみょう,,
礼に答えることをいいます。ご葬儀では会葬者の弔問に対してご遺族などがお礼することになります。,答礼,とうれい,,
声を出して経文を読むこと。お経を唱えることは、仏教の教えの要点をつかむことであり、本来これを法要と言います。,読経,どきょう,,
遺贈される財産が特にそれと指定されていることをいいます。特定遺贈によって財産を取得する人を特定受遺者といい、この特定受遺者は、遺言で指定された財産を取得する権利が発生するだけで、債務については、特に指示がない限り負担する義務はありません。,特定遺贈,とくていいぞう,,
小規模宅地等の評価減の特例を受けることのできる土地をいいます。この特例を受けるには、被相続人と同居していた親族が、相続によってこの宅地等を取得し、その相続人が申告期限までその宅地等を所有し、引き続き居住の用に供していることなど要件が必要です。,特定居住用宅地,とくていきょじゅうようたくち,,
被相続人または被相続人と特別の関係にある方が株式や出資の50％を超えて所有している法人のことをいいます。この事業にあたるかどうかで「小規模宅地等の特例」における要件が影響を受けます。,特定同族会社,とくていどうぞくがいしゃ,,
教えにより生死の苦海を渡って彼岸に至ることをいいます。転じて剃髪して仏門に入ることをいいます。「度」とは渡るという意味になります。,得度,とくど,,
従軍・船舶の沈没など、特別の危難にあった場合は失踪期間が1年継続した場合には、危難が去った時に、死亡したものとみなされことをいいます。,特別失踪,とくべつしっそう,,
ある相続人が被相続人の生前に特別な利益等（商売の資金援助、マイホーム資金などの援助）を受けた場合に、これを無視して、相続分を計算するのは不公平になります。この特別受益の分は相続分の前渡しであるとみて、相続財産に加えることとしています。,特別受益,とくべつじゅえき,,
未成年者が遺産分割協議に参加しなければならない場合など、法定代理人の同意が必要となります。保護者も同時に相続人である場合は、利害関係が絡む為、法定代理人にはなれません。未成年者の住所の管轄家庭裁判所に特別代理人選任審判を申し立て、特別代理人を選定してもらう必要があります。,特別代理人,とくべつだいりにん,,
死体を焼かず、土の中に埋葬する葬法のことをいいます。土葬の方法は地上に棺を置き、その上に土を盛り上げる形式と、穴を掘って棺を納める形式とがあります。,土葬,どそう,,
日本では近世に六曜が盛んになってから「友を引く」という俗信が付与され、この日はご葬儀をしないしきたりとなっています。,友引,ともびき,,
阿弥陀仏に帰依するの意をいいます。また、念仏ともいいます。浄土教ではこれを六字の名号と呼び、唱えることで浄土に生まれることができると説きます。浄土真宗では、阿弥陀仏に救われた喜びのあまり、感謝の念を持って唱える報謝の念仏であると説きます。,南無阿弥陀仏,なむあみだぶつ,,
釈迦牟尼仏に帰依するの意をいいます。釈迦牟尼仏を本尊とする宗派。例えば天台宗の宝号に｢南無大恩教主釈迦牟尼如来｣、曹洞宗の本唱名に｢南無釈迦牟尼仏｣などが用いられています。,南無釈迦牟尼仏,なむしゃかむにぶつ,,
遍照金剛というのは空海の金剛名であり、この一句は弘法大師空海に帰依するの意をいいます。弘法大師が唐に留学し、真言密教の秘奥を極め、師の恵果から頂いた称号が遍照金剛の名号です。四国四十八箇所霊場を巡るお遍路はこの名号を唱えます。,南無大師遍照金剛,なむだいしへんじょうこんごう,,
日蓮宗、法華宗など、「法華経」を聖典とする宗派が唱えるお題目。「南無妙法蓮華経」の意味は、｢妙法を蓮華によって例えた経に心の底から帰依する｣になります。,南無妙法蓮華経,なむみょうほうれんげきょう,,
49日法要が終わってから初めて迎えるお盆のことをいい、特に厚く供養します。地方によっては、門口や、お墓に白一色の提灯を立て、初盆以外のお墓には白と赤の色が入った提灯を立てるなど、特別の儀礼を行います。,新盆,にいぼん,,
日蓮正宗は富士門流ともいわれ、日蓮宗の一派です。日蓮宗の僧侶、日興が開祖であり、静岡県富士宮市の大石寺を本山とし、板本尊を本尊としています。,日蓮正宗,にちれんしょうしゅう,,
将来的に判断能力が衰えたときに、誰に何をしてもらいたいかなど任意後見人との間で契約を交わし、本人の意思を実現する制度をいいます。,任意後見制度,にんいこうけんせいど,,
棺の表面に布を張ったものをいいます。キリスト教葬儀で使われる俗称「キリスト棺」が古くからある布張り棺ですが、最近ではプリント模様の布張り棺などもあり、特に女性の場合に多く使われています。,布張り棺,ぬのばりかん,,
故人様をあおむけに寝かした状態で納める棺のことをいいます。,寝棺,ねかん,,
すべての煩悩の火が焼き尽くされた、不生不滅の境地のこと。悩みや苦しみを離れた悟りの境地のことをいいます。釈尊の入滅を涅槃といい、やがて悟りの意味に転用されました。,涅槃,ねはん,,
釈迦が沙羅双樹の下で涅槃に入るときの様をいいます。即ち頭北面西脇臥で、周囲に菩薩をはじめ弟子たちが取り巻いている図。,涅槃図,ねはんず,,
社会保険事務所や年金相談センターに年金手帳を持参すると、これまで加入してきた年金の履歴を確認することができます。,年金加入履歴調査,ねんきんかにゅうりれきちょうさ,,
年金を受けている方が亡くなった時は、「年金受給権者死亡届」を提出する必要があります。年金を受ける権利は、年金を受けている方が死亡するとなくなります。「死亡届」には「年金証書」のほか死亡の事実を明らかにできる書類を添える必要があります。,年金受給権者死亡届,ねんきんじゅきゅうけんしゃしぼうとどけ,,
年金は受ける条件が整えば自動的に支給されるわけではありません。そのための手続きをし、社会保険庁が受ける権利があることを確認した上で年金が支払われます。受ける権利の証明として交付されるのが年金証書です。,年金証書,ねんきんしょうしょ,,
平成19年4月以降、夫婦が離婚した場合は、当事者の合意又は裁判所の決定があれば、婚姻期間についての厚生年金の分割を受けることができます。分割割合は、婚姻期間中の夫婦の保険料納付記録の合計の半分を限度とします。,年金の分割,ねんきんのぶんかつ,,
南無阿弥陀仏と唱えることをいいます。念仏には日常となえる尋常行儀、特定のときに唱える別時行儀、そして死に臨んで浄土に迎えられるようとして唱える臨終念仏があります。,念仏,ねんぶつ,,
ご遺体を棺に納めることをいいます。僧侶によって納棺経を上げてもらい、読経の中で納棺することもあります。納棺の際に死者が生前大切にしていたもので、燃えやすいものを選び一緒に入れます。ふたの上には、金襴の布をかけておきます。,納棺,のうかん,,
故人様の身なりを整え棺へ納める儀式のことをいいます。ただ単に儀式のひとつとしてあるだけでなく、ご葬儀前に近親者だけで故人様と過ごせる大切な時間でもあります。,納棺式,のうかんしき,,
納骨式とは、故人の遺骨をお墓などに納める大切な儀式です。正式には「納骨法要」といい、葬儀と同様、当日の流れは宗教や宗派などによって異なります。,納骨式,のうこつしき,,
祭典に奉仕する神職が神様に奏上する言葉（古体の独特の文体を持った言葉）になります。神饌・幣帛（へいはく）を供えて、御神徳に対する称辞（たたえごと）を奏し、新たな恩頼（みたまのふゆ）を祈願するというのが一般的な形です。,祝詞,のりと,,
配偶者間(夫婦間)において財産を贈与することを配偶者間(夫婦間)贈与と言います。,配偶者間贈与,はいぐうしゃかんぞうよ,,
"婚姻期間が20年以上の夫婦間で、不動産や不動産取得の為の金銭贈与を行う場合、国内居住用に限り、基礎控除110万円の他、最高2,000万円まで控除可能な制度です。また、贈与後翌年の3月15日までに対象の不動産に居住し、その後も居住見込みがある必要があります。",配偶者間贈与の特例,はいぐうしゃかんぞうよのとくれい,,
"配偶者の取得した財産が配偶者の法定相続分相当額以下、または1億6,000万円までであれば配偶者の相続税の負担はしなくてもいいという特例制度のことをいいます。",配偶者の税額軽減,はいぐうしゃのぜいがくけいげん,,
例えば、夫からみた妻、妻からみた夫など被相続人の配偶者は常に他の相続人と同順位で相続人になることをいいます。,配偶相続人,はいぐうそうぞくにん,,
被相続人の意思により相続権を奪うことをいいます。相続人の廃除請求を家庭裁判所に申し立てるか、相続人の廃除をする旨を遺言することにより相続人から外すことができます。,廃除,はいじょ,,
付き合いのある人の身内が亡くなったが、お通夜やお葬式に出るほどではない場合に、香典のかわりに不祝儀袋に「花一輪」と書きます。思っただけの金額を気取らずに包むという方法。お祝い事においては「松一葉」と書いて、お気持ちを伝える方法もあります。,花一輪,はないちりん,,
生花または造花を輪状に組み合わせたものをいいます。慶弔などの意を表すのに用い、現在は造花が多い。ご葬儀ではかつては売り切りであったが、現在ではレンタル形式になっています。,花輪,はなわ,,
兄弟姉妹の中で、父母の両方を同じくする者に対し、父母のどちらか片方のみを同じくする者をいいます。異父あるいは異母兄弟姉妹のこと。,半血兄弟姉妹,はんけつけいていしまい,,
最高の真理を理解する知恵のことをいいます。あらゆる物事の本来のあり方を理解し、仏法の真実の姿をつかむ知性の働き。梵語の「プラジュニャー」を漢字に音訳したものです。,般若,はんにゃ,,
お彼岸で親しまれている春分と秋分を中日として、その前後各三日間にわたる一週間の法会をいいます。彼岸の期間中には各寺院が彼岸会の法要を営み、また人々は先祖の墓に詣で、家庭では彼岸団子やおはぎを作って仏壇に供え、先祖の供養を行います。,彼岸会,ひがんえ,,
法事で御招きしたお客様に施主から贈る古物品。古く馬を庭に引き出して贈ったことから起こりました。海苔、お茶、タオルなどが一般的です。,引き出物,ひきでもの,,
大切な人を失ったときに生ずる一連の感情のことをいいます。大切な方が亡くなった際に必ず起こる感情であり、そのプロセスを通過しない限り立ち直りの段階には至りません。その悲しみが深く、表に出せば出すほど乗り超える時間も早いと言われています。,悲嘆,ひたん,,
正式な婚姻外に生まれた子（例えば愛人との間で生まれた子など）のことをいいます。,非嫡出子,ひちゃくしゅつし,,
ご遺体を納める木製の箱のことをいいます。日本では、お棺に納めることなく火葬はできませんので、お棺に納める必要があります。布で表面に覆った布棺や、彫刻を施した彫刻棺。ご遺体との対面がしやすいように、蓋の半分が透明になっているお棺もあります,棺,ひつぎ,,
遺体を入れて葬る箱。ひつぎ。,柩,ひつぎ,,
国民年金や厚生年金の被保険者であった期間で加入期間のことです。共済の場合は組合員期間または加入者期間といいます。被保険者になった月から、被保険者でなくなった月の前月までを月単位で計算します。,被保険者期間,ひほけんしゃきかん,,
命日から数えて百日目の法事のこと。四十九日と一周忌法要の間にある重要な法事のことをいいます。地方によっては故人様の供養をするとともに、無縁仏の供養でもある「施餓鬼会」も行います。,百か日,ひゃっかにち,,
厚生年金や共済年金では、月給及び賞与を基に保険料や年金額を計算。各人の給料体系は様々かつ変動するため、そのまま使うのは事務的に煩雑です。報酬月額・賞与額を一定の幅で区分して仮の報酬月額・賞与額を決め、計算の基礎にしています。これを標準報酬といいます。,標準報酬,ひょうじゅんほうしゅう,,
厚生年金や共済年金では、保険料や年金額を計算する際に標準報酬を用いますが、報酬月額を一定の範囲で分け、それに該当する金額を標準報酬月額といいます。現在は1等級（9万8千円）から30等級（62万円）まで30等級に分けられています。 ,標準報酬月額,ひょうじゅんほうしゅうげつがく,,
人の死後、親族が死を悼んで特定の期間遊びや笑いを慎み、酒肉を断って家に謹慎することをいいます。現在ではご葬儀・法要以外は普段と同じ生活をするようになりました。喪中は派手な遊興を避け、結婚式の出席や神社の参拝、年始参りも控えるのが通例です。,服喪,ふくも,,
仏や僧・貧者に、衣服・食物などの品物や金銭などを施し与えることを布施と言います。またはその財物。布施には法施、無畏施、財施があります。,布施,ふせ,,
特別失踪に該当するような原因がなく、生死不明な失踪期間が7年継続した場合に7年が満了した際に、死亡したものとみなされます。,普通失踪,ふつうしっそう,,
仏壇やお墓に供えする花のことをいいます。仏様へのお供えの基本、香、灯、花のひとつでお参りする人の方へ向けて飾ります。仏花の美しさは、仏様に楽しんでもらうと同時に、仏様からお参りする人へ下さるものという意味もあります。,仏花,ぶっか,,
目覚めた者、悟ったものことをいいます。梵語の「ブッダ」の音写語。かつては聖者に対する一般的な呼び名でしたが、現在では釈迦の尊称として用いられています。,仏陀,ぶっだ,,
相続した財産（物）で相続税を納付する方法をいいます。相続税の納税は金銭こよる一括納付が原則ですが、資金の面から金銭による納付が困難な場合で、延納によっても金銭で納付することが困難な場合に認められています。,物納,ぶつのう,,
仏壇に供える炊き立ての御飯のことをいいます。仏飯は朝お供えして昼下げるのが一般的です。また仏壇には新鮮な花を飾り、一日一回水またはお茶、御灯明、香、お経を上げてお祀りします。飲食供養には他に法事のとき「霊供膳」といって霊膳をお供えします。,仏飯,ぶっぱん,,
墓地内に設けられた個別のお墓のことをいいます。個人単位の個人墓、夫婦単位の夫婦墓、家単位の家墓、共同利用の共同墓などの形態があります。,墳墓,ふんぼ,,
神前に奉納するものを総称していいます。「帛」は布のことで布帛は麻、木綿、絹織物のことです。現代では、布以外にも、紙、玉、衣服、酒、貨幣などをお供えします。,幣帛,へいはく,,
仏を讃歎し、仏教の教えを説き、施物を供養することをいいます。,法会,ほうえ,,
財産の全部または一定割合で示された遺贈をいいます。例えば、自分の財産の二分の一を長男に遺贈するとか全財産の３０％をお寺に与えるというように、遺産に対して一定の割合を指定する方法です。,包括遺贈,ほうかついぞう,,
兄弟姉妹の子（甥、姪）や孫などのことをいいます。,傍系卑属,ぼうけいひぞく,,
出家した際に師が授ける名前。あるいは僧が死者につける名前。日蓮宗での呼び方となります。,法号,ほうごう,,
故人様の追善供養のために営む仏事で、月忌、年忌を含めて言います。法事はまず日取りを決めます。お寺さんの都合を確かめ、命日までにします。予算は、お寺への御布施、お斎 （会食）料理、引き出物です。,法事,ほうじ,,
報酬比例部分は「平均標準報酬月額×支給乗率（1000分の9.5～7.125）×平成15年3月までの被保険者期間の月数＋平均標準報酬額×（1000分の7.308～5.481）×平成15年4月以後の被保険者期間の月数」で計算されます。,報酬比例部分,ほうしゅうひれいぶぶん,,
中世以来使われている、最高級の公用紙として盛んに用いたこうぞ紙のことをいいます。弔辞の用紙として多く使われています。,奉書紙,ほうしょし,,
養子縁組など法的手続により血の繋がりを認められた血族関係のことをいいます。これに対して実の親子などは自然血族といいます。,法定血族,ほうていけつぞく,,
民法で決められた相続人の順位のことをいいます。配偶者は常に相続人になり、子･直系尊属･兄弟姉妹の順で法定相続人になります。,法定相続人,ほうていそうぞくにん,,
民法が定めた割合で各法定相続人が受け取れる被相続人の遺産の割合のことをいいます。法律で定められた権利の割合なので、実際上は相続人の協議によって各相続人の取得する財産の配分を決めることもできます。,法定相続分,ほうていそうぞくぶん,,
浄土真宗における戒名のことをいいます。同宗は在家道で教義にも戒律や授戒はなく、聞法者という意味をこめて「法名」といいます。,法名,ほうみょう,,
墓碑銘のことを言います。時代が移っても、墓の主が誰かを明らかにする文。単独の場合には、正面に戒名 （法名）や、没年月日、側面や裏面に生前の業績などを刻みます。,墓誌,ぼし,,
一般的には墓地内の墳墓の区域・施設のことをいいます。通常の形態は隣接との境界線を明らかにするため外柵を設け、地面下に遺骨を収納するカロートを設け、上には記念碑となる墓石を置きます。,墓所,ぼしょ,,
墓地や霊園にお祀りしてあるお墓の石のこと。墓石の材料は、花岡石 （御影石）や安山岩が多く、値段は種類、大きさによって異なります。,墓石,ぼせき,,
菩提とは、仏のさとりのことです。世俗の迷いを離れ、煩悩を絶って得られた悟りの知恵。悟りを開いて、涅槃に入ること。転じて死後の冥福を言います。,菩提,ぼだい,,
一家が代々帰依して葬式・追善供養などをいとなみ、先祖代々の墓所がある寺院のことをいいます。檀那寺、旦那寺ともいいます。檀家と菩提寺との関係は、宗教儀礼に関してはすべてその宗派の作法に則り、菩提寺の運営維持を支えるという関係になります。,菩提寺,ぼだいじ,,
亡くなった方の遺体や遺骨を埋葬するお墓をつくるところ。従来、墓地といえば寺の境内にある寺院墓地や共同墓地が一般的でしたが、現在では都市近郊での公園墓地、霊園も盛んになっています。,墓地,ぼち,,
一宗一派の宗務を統括する寺院。江戸時代に宗流制度が確立してから定められました。総本山は本山の上にあって一宗一派を統括するお寺。大本山は総本山の下にあり、所属の寺院を統括しています。,本山,ほんざん,,
寺院や仏壇などに信仰・礼拝の対象として安置される、仏や菩薩などの彫刻・絵画・曼荼羅・名号などをいいます。各宗派ともそれぞれ違うものを本尊として仰いでいおります。,本尊,ほんぞん,,
死亡届を役所に提出した際に火葬許可証が交付され、この書類を火葬場に提出し、火葬後に日時を記入して返却されます。これが埋葬許可証で、埋葬のときまで骨壷と一緒にしておき、なお埋葬許可証は五年間の保存義務があります。,埋火葬許可証,まいかそうきょかしょう,,
故人様の骨を葬ることを埋骨と言います。仏式では火葬したお骨を一度自宅に安置し、四十九日の忌明けの法要のさいに納骨・埋骨する場合が多いです。火葬が終わってからすぐに墓地にいき、埋骨することもあります。,埋骨,まいこつ,,
「墓地、埋葬に関する法律」を略して埋葬法といいます。この法律は、明治時代に制定された「墓地及び埋葬取締規則」を改正し、1948年に交付された火葬や墓に関する基本的なガイドラインを示したものです。,埋葬法,まいそうほう,,
健康保険・共済組合等雇用されている方が死亡した場合、埋葬を行った家族に５万円の埋葬料が支給。死亡した被保険者に家族がいない時は、埋葬を行った人に範囲内で埋葬費を支給。被扶養者が死亡した場合、費用の一部を被保険者に家族埋葬料が支給されます。,埋葬料,まいそうりょう,,
仏堂の須弥壇の前の三具足や五日大足を置く机のことをいいます。,前机,まえつくえ,,
枕飾りの傍らにお供えするお花のことを言います。,枕花,まくばな,,
故人様の枕元に供える団子。枕団子は上新粉を蒸して作り、三方に白紙を敷きそこに乗せて供えます。,枕団子,まくらだんご,,
枕飾りをする小机のことをいいます。,枕机,まくらつくえ,,
亡くなった直後にご遺体を北枕に寝かせることをいいます。,枕直し ,まくらなおし,,
故人様の枕元に供える御飯の事を枕飯と言います。死後ただちに作らねばならないとされています。息を引き取ると善光寺参りをするという俗信があり、善光寺または他の霊場へ行くための弁当であり、急いで作らねば出発できない、成仏できないと言われています。,枕飯,まくらめし,,
末期の水とは、息を引き取った人の口元を、水で潤すことを言います。末期の水の由来は諸説唱えられていますが、仏教の経典「長阿含経」に記されている話からきているとする説が有力です。釈迦が亡くなる直前に水を持ってきてほしいと弟子に頼み、鬼神がそれを捧げたというエピソードで、そこから仏教では死者の喉の渇きを癒すようになったと言われています。 ,末期の水,まつごのみず,,
故人様を自宅などで安置する際、故人様の胸元もしくは枕元に置く刃物を守り刀と言います。元々は亡くなった方を魔物などから守る魔除けとしての役割でした。刀のほか、小刀、剃刀、はさみが用いられています。また木刀を袋に入れたものを使うこともあります。,守り刀,まもりがたな,,
式場が狭い時などに、参列者がその場で行う焼香の仕方をいいます。御盆などに乗せられた香炉が回ってきたら、その場で一礼し、焼香、合掌して隣の人に廻します。,廻し焼香,まわししょうこう,,
梵語の円輪のこと。過不足な充実した境地のことをいいます。悟りを得た場所、さらには道場を意味し、道場には壇を設けて如来や菩薩が集まることから、壇や集合の意味を持ちました。,曼荼羅,まんだら,,
失業されて雇用保険の基本手当などを受けられている間に亡くなられた場合、既存の失業期間に対して、まだ支払われていない雇用保険の基本手当がある場合、死亡の前日までの失業の認定、支給を遺族の方が受ける事ができます。これを未支給失業給付といいます。,未支給失業給付請求,みしきゅうしつぎょうきゅうふせいきゅう,,
年金は死亡した月の分まで支払われます。死亡した方に支払われるはずであった年金が残っている時は、遺族の方にその分の年金（未支給年金）が支払われます。,未支給年金請求,みしきゅうねんきんせいきゅう,,
相続または遺贈により財産を取得した方が満20歳未満の法定相続人である場合には、相続開始の日から満20歳に達するまでの年数1年につき、6万円の割で計算した金額が、その方の相続税額から控除されます。控除額がその未成年者の相続税額を超える時は、その者の扶養義務者の相続税額から控除することが出来ます。,未成年者控除,みせいねんしゃこうじょ,,
仏教の流派の一つで、容易に知りえない秘密の教えです。密教は極めて神秘主義的・象徴主義的な教義を教団内部の師資相承によって伝持する点に特徴があります。インドで現れ、中国・日本などにも広がり、わが国では真言宗系の東密と天台宗系の台密があります。,密教,みっきょう,,
花瓶、香炉、燭台の三種類の仏具のことを三具足と言います。,三具足,みつぐそく,,
密葬とは、身内だけで内々に葬儀を済ませることや、その葬儀自体を指して使う言葉です。広く多くの人に参列を求めず、葬儀があることを知らせないのが密葬ということになります。,密葬,みっそう,,
終末期にあるご家族が死に至るまでを看病することをいいます。,看取り,みとり,,
本来は相続財産ではありませんが、被相続人の死亡を原因として相続人のもとに入ってきた生命保険金や死亡退職金など、実質的に相続を受けたと同じような金銭的利益を受けた場合に、相続税が課税される財産のことをいいます。,みなし相続財産,みなしそうぞくざいさん,,
財産の贈与を受けた場合に限らず、実質的に贈与を受けたと同じような金銭的利益を受けた場合に課税される財産をいいます。保険料を負担していない受取人が生命保険金を受けた場合などは、保険金の受取人が保険料を負担した人から贈与を受けたものとみなします。,みなし贈与財産,みなしぞうよざいさん,,
霊柩車の一種。宮型を象った特殊仕様車で主として火葬場への遺体搬送に用いる特別車のことをいいます。,宮型霊柩車,みやがたれいきゅうしゃ,,
「阿弥陀仏」の四字、「南無阿弥陀仏」の六字を名号と言います。浄土系宗派では、阿弥陀仏の仏像にかわり六字の名号がかけられ本尊としてお祀りする事があります。浄土真宗では「帰命尽十方無光如来」という名号や「南無不可思議光如来」という名号なども。,名号,みょうごう,,
宗教法人や財団法人などの公益法人が経営する墓地で、事業を目的としているので事業型墓地のことをいいます。宗教法人が経営しても、当該宗教法人の信者対象ではなく、使用者の宗旨を問わないで広く一般にも使用者を求めている墓地は民営墓地に分類されます。,民営墓地,みんえいほち,,
承継者が不在となったお墓をいいます。お墓の管理者に対して名乗り出るよう告示し、1年以内に申し出がなければ無縁とみなされます。,無縁墳墓,むえんふんぼ,,
弔ってくれる縁者のいない彷徨える魂のことをいいます。無縁仏は本仏になり得ない、家の先祖の仲間入りができない霊魂。また寺院によっては、無縁仏を供養する無縁塔があります。,無縁仏,むえんぼとけ,,
家名の代わりに「夢」「偲ぶ」などの言葉を墓石に刻んだ墓のことをいいます。,無家名墓,むかめいばか,,
死者が行く迷いの世界。または、そこまでの道程の事を冥土と言います。,冥土,めいど,,
死後の幸福のことをいいます。冥土の幸福という意味から、死後の世界において、より良い世界に生まれ、幸せになれることを意味しています。,冥福,めいふく,,
元は「死者を哀突する」意で「そう」と読みました。ここから「死者を哀悼する礼しである喪礼」「人をうしなう」「死を悲しむ」などの意味で使われました。現在は喪とは死者を悲しみこもる「喪中」と同義に使われ、喪に服すしなどと使用します。,喪,も,,
古代における死霊供養の儀式のことをいいます。わが国の最初の様式といわれています。,殯,もがり,,
儀式に先立ち湯や水を浴びて身体を清めること。神式葬の場合はご遺体を清めることを言います。,沐浴,もくよく,,
葬儀の代表者であり、責任者です。亡くなった方の代理となるのが喪主です。一番に弔問客や会葬者、お坊さんのお出迎え、お見送りをすることに重点を置いて立ち振る舞います。,喪主,もしゅ,,
喪に服していることを示す黒色の腕章やリボンのことをいいます。また弔問客が、喪服の代用として付けて参列することもあります。,喪章,もしょう,,
近親者が死亡したとき、その死を悼う気持ちから派手な交際などを避けて慎しみ喪に服している期間のことをいいます。一般的には、2親等以内の親族が亡くなってから一周忌までを喪中とします。,喪中,もちゅう,,
喪中に新年を迎える場合、例年年賀状を出していた相手に前もって年賀欠礼のお知らせをする手段が喪中はがきとなります。,喪中はがき,もちゅうはがき,,
葬儀、法事の際に着用する服の事をさします。喪服には正式喪服と略式とがあり、立場によって使い分けられています。,喪服,もふく,,
古くは喪の期間を通して着服することが義務づけられていましたが、現代では葬儀の時にのみ喪服を着るように変わってきました。黒い喪服を着用するようになったのは、西洋の習慣が入ってきた明治以降のこと。それ以前は忌み籠もりの色である白が喪の色でした。,喪服事始め,もふくごとはじめ,,
自身の死後に相続分の指定や認知などについて、法律的に効力を持たせるため、一定の方式にしたがって行う意思表示の方法。,遺言,ゆいごん,,
遺言の内容を実行するために、遺言書に指定された人のことをいいます。遺言執行者はまず、相続財産の管理そのほか、遺言の執行に必要な一切の行為をなす権利と義務を負っています。,遺言執行者,ゆいごんしっこうしゃ,,
30年や50年という使用期限を設け、承継者がいる、いないに関わらず、その期限は使用を認め、期限がきても承継者が契約を更新すれば使用できるとした墓地のことをいいます。期限がきて更新しない場合には合葬することが定められています。,有期限墓地,ゆうきげんぼち,,
死者の霊魂。死者が成仏できないため、この世にあらわす姿のことを言います。,幽霊,ゆうれい,,
湯灌（ゆかん）とはご遺体の身体や髪を洗い清め、化粧を施し身支度を整える儀式のことです,湯灌,ゆかん,,
故人様のために、この世での疲れや苦しみをと洗い流すためのもので、来世での生まれ変わりの準備とも言われています。また、最後にお風呂でサッパリとさせてあげたいというご家族の思いから行なわれるものですので、宗派を問うものではありません。,湯灌の儀,ゆかんのぎ,,
市区町村役場に養子縁組の届出をすることで、法律上の血縁関係ができる子をいいます。普通養子と特別養子の2種類があり、普通養子は戸籍上は実親との関係が残り、二重の親子関係となり、特別養子は戸籍上も実親との関係を断切り、実子と同じ扱いになります。,養子,ようし,,
通夜などで夜通し付き添うことをいいます。,夜伽,よとぎ,,
神や霊が出現するための媒体となる樹木、石、御幣のこと。榊が玉串として神事で用いられているのはよく知られています。その他、鏡、剣、まつりの場を表示する旗、のぼりなども、「神依り木」の観念に基づいています。位牌、墓石も依り代の一種です。,依代,よりしろ,,
仏・菩薩が死者の魂を迎えにくること。念仏行者の臨終に際して、阿弥陀仏が諸菩薩とともに雲に乗り、死者を迎えに来て極楽浄土に導くことを言います。,来迎,らいごう,,
当事者の間で利益が相反することになる法律行為のことを指します。,利益相反行為,りえきそうはんこうい,,
告別式において、会葬者へのご遺族による答礼を立って行うことをいいます。,立礼,りつれい,,
霊前ともいう死者にお供えする小さなお膳のことをいいます。,霊供膳,りょうぐぜん,,
家墓の変形で、承継者が既婚の女子で家名が異なった場合に、実家の家名の横に結婚後の家名を合わせて彫ったもののことをいいます。,両家墓,りょうけばか,,
仏具の一種で、仏様にお参りするときに、専用のりん棒を使って鳴らすものをいいます。ふだん、鈴には小さな座布団のようなものを敷き、鈴台の上に置いて使うもので、大きなものは磬子と言います。,鈴,りん,,
息を引き取ろうとするとき、または息を引き取った直後のことを臨終いいます。現在はほとんどの場合が病院で息を引き取るため、臨終は医師の立会いのもとで行われます。,臨終,りんじゅう,,
その会社の事業内容と類似する上場会社の株価をもとにして、3つの比準要素を使って評価を行う会社の株価を算出する方法をいいます。3つの比準要素とは「1株あたりの年利益金額」、「1株あたりの年配当金額」、「1株あたりの純資産価額」です。,類似業種比準価格,るいじぎょうしゅひじゅんかかく,,
病院・警察・葬儀式場・斎場などに設けられている、ご遺体を一時安置する部屋のことをいいます。,霊安室,れいあんしつ,,
棺を乗せて行く為の車のことをいいます。宮型霊柩車、バス型霊柩車、バン型霊柩車があります。霊柩車の四割は宮型霊柩車で、主に大都市に多くみられます。宮型霊柩車は日本独特の形態で、アメリカやヨーロッパでは、黒のリムジーンが使われています。,霊柩車,れいきゅうしゃ,,
霊魂とは普段は人間の肉体や精神活動を支配し、人が死を迎えた時に肉体から離れるとされる、目に見えぬ実体のこと。,霊魂,れいこん,,
贈与を受けた場合、基礎控除110万円を超えた金額部分について贈与税が課税される制度。「相続時精算課税」以外の贈与税の課税方法をいいます。,暦年課税制度,れきねんかぜいせいど,,
はすの花のことをいいます。仏教では泥の中から、清浄な花を咲かせるところに着目して宗教心が生まれ、悟りの境地が開けていくプロセスを象徴する植物としてきました。蓮華は仏や菩薩が安座する座として、あるいは浄土に咲く代表的な花とされています。,蓮華,れんげ,,
国民年金に原則として25年以上加入した人が65歳から受けられる、全国民に共通した年金のことをいいます。年金額は40年加入した場合が満額となり、加入年数がそれに満たない場合は、その期間に応じて減額されます。,老齢基礎年金,ろうれいきそねんきん,,
厚生年金に加入していた人が、老齢基礎年金の受給資格期間を満たしたときに、65歳から老齢基礎年金に上乗せして受ける年金のことをいいます。年金額は「平均標準報酬月額×支給乗率×加入月数」で計算されます。,老齢厚生年金,ろうれいこうせいねんきん,,
南無阿弥陀仏の六文字のことをいいます。浄土宗、浄土真宗で本尊のかわりにお祀りします。また法事の際には南無阿弥陀仏の名号の掛け軸を掛ける場合があります。,六字名号,ろくじみょうごう,,
ご葬儀の際の白木祭壇の左右に、輿のすぐ下のあたりに配置される灯籠のことをいいます。,六灯,ろくちょう,,
"生存中の行為の善悪の結果として，衆生がおもむく6種類の世界の状態をいう。
すなわち，地獄，餓鬼，畜生，阿修羅，人間，天をいう。",六道,ろくどう,,
「すべての人が、死ねばその生前の行いに従って、迷いの世界に車輪のように果てしなくめぐりさ迷う」という仏教の世界観。六道は下から、「地獄」「餓鬼」「畜生」「阿修羅」「人間」「天上」をさしています。,六道輪廻,ろくどうりんね,,
三途の川の渡し賃として、死者の棺の中に入れるお金のことをいいます。また、六道銭ともいいます。,六文銭,ろくもんせん,,
先勝・友引･先負・仏滅・大安・赤口の6種の暦のことをいいます。六輝ともいいます。,六曜,ろくよう,,
相続税・贈与税の計算に利用される１㎡あたりの土地の評価額のことをいいます。毎年1月1日現在での価格を国税庁が公表します。,路線価,ろせんか,,
納棺時や出棺時に死者に手向ける花のことをいいます。棺の蓋を開け、ご葬儀に供えられた花をご遺体の周囲に飾ります。この最後の対面は、遺族と近親者で行います。,別れ花,わかればな,,
仏・菩薩の教えや功徳、高僧の業績をたたえる歌。仏教歌謡の一種であり、日本語で歌われるため和讃と呼ばれています。,和讃,わさん,,
本人への医療情報の開示と治療方法への同意のことをいいます。どの様な「死に方」をするかは患者本人が決定するという考え方から、最近は本人への癌の告知も増加しています。,インフォームドコンセント,いんふぉーむどこんせんと,,
エンディングノートは、万が一の際に備えて葬儀の希望を記しておくノートです。,エンディングノート,えんでぃんぐのーと,,
遺体衛生保全の総称で、ご遺体を殺菌消毒し、血液を抜き防腐溶液を入れ、長期間保存する技術のことをエンバーミングと言います。エンバーミングを施すことにより長期間の保全ができます。,エンバーミング,えんばーみんぐ,,
お悔やみの挨拶は型にこだわることなく、心からの哀悼をこめた自分の言葉で述べましょう。宗教の違いによる言葉の使い方や重ね言葉・忌み言葉にも、気を配りましょう。,お悔やみの挨拶,おくやみのあいさつ,,
法事を行う僧侶などへの交通費に対する心づけのことをいいます。白封筒に「お車代」と書いて、お布施やお膳料などと一緒に渡します。,お車代,おくるまだい,,
本来は死の穢れけがれを払うという行為。死穢は伝染すると考えられ、これを払うために飲食を行った名残で葬儀後や通夜後の飲食を指して関東方面で使用されることが多いです。,お清め,おきよめ,,
法事を行う僧侶などが会食をされなかったときに渡す心づけのことをいいます。,お膳料,おぜんりょう,,
"①僧侶や寺院へのお礼や寄進のことをいい、一般的には法要における読経や戒名を付けてもらったことに対しての謝礼を指す。本来は金額の相場が決まっているものではないが、寺院によっては料金を明示していることもある。
②僧に読経などの謝礼として渡す、金銭や品物。「―を包む」 お布施の額は地域や宗派によって違いますから、僧侶、あるいは世話役に相談するようアドバイスします。また僧侶への払いは、葬儀・葬式が終わったときが本来の形ですが、法事が始まる前という場合もあります。
③葬儀や法事のお礼として、僧侶･寺院にお納めする金銭。お布施の額は、僧侶や世話役に相談するとよいでしょう。また最近では要請すれば領収書を発行してくれる寺院が増えています。
",お布施,おふせ,,
宗教的な意義がある葬儀・告別式とは異なり、生前に親交があった方々と故人様とのお別れを目的として開かれる会式のことをいいます。儀礼的な制約が無いため、希望通りの演出で会式を進行することが可能。密葬後に日を改めてホテルなどでお別れ会を開きます。,お別れ会,おわかれかい,,
正式には「盂蘭盆会（うらぼんえ）」といい言います。７月１３日～１６日 （または８月１３日～１６日）に祖先の霊を迎えて供養する行事。お盆、精霊会。一般に１３日を迎え盆、１６日を送り盆といい、その間、家々に精霊棚を設け、祖先の霊を迎えます。,お盆,おぼん,,
カトリック教会の信徒をいいます。地上におけるキリストの代理者としてのローマ教皇を首長とするキリスト教の一派。カトリックはギリシャ語で「普遍的」という意味です。,カトリック,かとりっく,,
お墓で遺骨を納める部分のことをいいます。お墓への遺骨の埋葬は、骨壺単位で納める場合と地方によっては「カロート」の中に骨だけをまく地域もあります。,カロート,かろーと,,
"①土葬用の棺のこと。装飾された立派なもので、木棺だけでなく、大理石から造られたものなど多くの種類があります。
②日本でいう「棺」のことです。キャスケットは「宝石の小箱」「貴重品入れ」から転じた言葉で、土葬用の装飾された立派な棺のことをいいます。欧米では、木棺だけではなく大理石などで作られたさまざまな種類のキャスケットがあります。
③日本でいう「棺」のこと。キャスケットは「宝石の小箱」「貴重品入れ」から転じた言葉で、土葬用の装飾された立派な棺のことをいいます。欧米では、木棺だけでなく、大理石などで作られたさまざまな種類のキャスケットがある。
",キャスケット,きゃすけっと,,
イエス・キリストを神の子とし、唯一絶対の神によって救いを得るという教えのことをいいます。様々な宗派がありますが、大きく分けるとカトリックとプロテスタントの2つに分かれます。,キリスト教,きりすときょう,,
グリーフは英語で、通常の悲しみとは別で特に死別などで起こる深い悲しみ・悲嘆を意味します。この悲しみは特別なものではなく自然なことであり、悲しむことによって自然に治療されていきます。このご遺族様の悲しみの癒しを「グリーフ・ワーク」と呼びます。,グリーフワーク,ぐりーふわーく,,
死別を経験しますと、しらずしらずに亡くなった人を思い慕う気持ちを中心に湧き起こる感情・情緒に心が占有されそうになります。また一方では死別という現実に対応して、この窮地をなんとかしないといけないと努力を試みます。この共存する二つの間で揺れ動き、不安定な状態となってしまいます。また、同時に身体上にも不愉快な反応・違和感を感じたりします。これらを「グリーフ」と言います。グリーフの時期には「自分とは何か」「死とは…」「死者とは…」などの問いかけをも行っていると言われています。このことを「ケア」（援助する事）をグリーフケアといいます。,グリーフケア,ぐりーふけあ,,
キリスト教で洗礼の儀式の際授けられる名前のことをいいます。一般に聖者の名を用います。,クリスチャンネーム,くりすちゃんねーむ,,
複数の戒名が書かれた木版を一つに納められるようになっている位牌のことをいいます。位牌が多数あり、仏壇に納めきれないときなどに使用されます。,くりだし位牌,くりだしいはい,,
生活協同組合のコープこうべが、1989年に兵庫県葬祭事業協同組合連合会と提携して始めた生協葬の名称のことをいいます。クレリ葬は、兵庫県在住の方を対象としています。,クレリ葬,くれりそう,,
他人の奥様のことをいいます。一般的に弔電や訃報で用いられる事が多いです。,ご令室,ごれいしつ,,
回復の見込みのない患者に対して苦痛を軽減し、精神的な安定を与えるように施される医療や介護のことをいいます。,ターミナルケア,たーみなるけあ,,
炭酸ガスを圧縮・液化し、冷却して固化させたもの。冷却剤としてご遺体の防腐に用います。特に、臓器、脳の周辺に置きます。,ドライアイス,どらいあいす,,
生前、故人が好んだ花を飾って送る葬儀のことをいい、「自由葬」の一つです。フラワー葬に使用する花は、白に限らず色とりどりの花でよいが、とげのあるものは避ける場合もあります。,フラワー葬,ふらわーそう,,
16世紀のルターやカルバンの宗教改革後、ローマカトリック教会の信仰理解に反抗し、分離形成されたキリスト教各派およびその信徒の総称をいいます。北部ヨーロッパ・イギリス・北アメリカにおいて優勢であります。,プロテスタント,ぷろてすたんと,,
ペットのご葬儀のことをいいます。,ペット葬,ぺっとそう,,
"①ホテル葬の場合は、遺体の安置と焼香はできません。一般的には、密葬の後、社葬や偲ぶ会として遺骨、遺影を中心にパーティー形式で行います。その場合、平服での参列と、香典を省略するのが一般的です。
②遺体の安置や、焼香、読経などできないことが多く、密葬や家族葬の後、偲ぶ会としてパーティー形式で行います。その場合、参列者・主催者ともに喪服を避け平服を着用することが一般的です。
",ホテル葬,ほてるそう,,
故人様を身近で偲ぶためのアクセサリーやオブジェなどのことをいいます。遺骨の一部を入れることができるペンダントやブレスレット・リングなどがあります。,メモリアルグッズ,めもりあるぐっず,,
自宅のリビングにいるような雰囲気で故人様とともに過ごし、故人様とのお別れの時間をゆっくり過ごせることができるご葬儀・お葬式のことをいいます。,リビング葬,りびんぐそう,,
読経の際に鳴らす梵音具の一種のことをいいます。澄み切った「りーん」という音は極楽浄土まで響き、仏様の耳にも届くといわれている。,リン,りん,,
通常のご葬儀は通夜・告別式と2日にわたり執り行われますが、1日だけで全てを終えるご葬儀のことをいいます。,ワンデーセレモニー,わんでーせれもにー,,
"位牌などで戒名の下につけられる文字のことをいいます。成人男性なら「居士、信士、定門」。成人女性なら「大姉、信女、禅定尼」などのように性別や年齢により決まっています。宗旨や宗派、お寺や社会への貢献度なども関係しています。
",位号,いごう,,
故人様の肖像写真。通夜・告別式の際に祭壇に飾る写真のことをいいます。デジタル技術の進歩により、短時間のうちに基写真の服装や表情を遺影に相応しいものに修正することが可能になりました。,遺影,いえい,,
"①火葬などにして、後に残った骨。＝骨あげ（こつあげ）故人を身近に偲ぶために遺骨でダイヤモンドを作ったり、遺骨携帯用のペンダントなどがあります。
②火葬などをしてあとに残った骨。遺族親族によって骨壷に納められる。特に仏教では、霊のよすがとして遺骨崇拝が起こり、納骨、分骨の風習が生まれた。
③火葬後に残った故人の骨。仏教においては霊のよすがとしての遺骨崇拝の考え方から納骨・分骨の風習が生まれました。",遺骨,いこつ,,
遺産の分割方法について相続人が話し合って合意した内容を記した書類となります。全員が同意すれば法定相続分や遺言と異なる分割も可能になります。作成には、被相続人と相続人の本籍や現住所などを特定することが必要になります。,遺産分割協議書,いさんぶんかつきょうぎしょ,,
"①遺体を寝台車で自宅や葬議場に運ぶこと。その場合、自家用車を利用することはできません。葬儀業者か専門業者の車を手配することになります。
②遺体を寝台車で自宅や葬儀場に送り届けること。近年ほとんどの人が病院などでなくなるため、あらかじめ安置先を考えておく必要があります。
",遺体搬送,いたいはんそう,,
故人様が残した家財などを遺品として取り扱い、処分してくれるサービスのことをいいます。,遺品整理,いひんせいり,,
遺言が実行された後に遺留分を侵害するような相続分であった場合に、財産の多くを相続した者に対して請求できる権利のことをいいます。,遺留分減殺請求,いりゅうぶんげんさいせいきゅう,,
神道で室内などに神様を祭る神棚の代表的な造りの一つ。一般的には扉が一つで、一番前に天照皇大神、後ろに氏神などを祀ります。,一社造り,いっしゃづくり,,
亡くなってから1年後の同月同日のこと。その日に行う法事のことをいいます。,一周忌,いっしゅうき,,
故人様が生前に使用していた茶碗に、ご飯を山盛りにして箸を中央に立て、枕飾りとして供えすることをいいます。,一膳飯,いちぜんめし,,
一般的にお通夜～告別式と2日間にわたって行われるご葬儀を、1日で執り行うご葬儀のことをいいます。 通夜は行わず、火葬当日に親しい方々にお集まり頂き、告別式のみを行うご葬儀となります。,一日葬,いちにちそう,,
親族を始め、ご近所の方や故人様の仕事関係の方など、故人様と生前に関係のある方々をお呼びし、通夜・告別式を行う一般的なご葬儀・お葬式のことをいいます。,一般葬,いっぱんそう,,
位牌の一番上につけられる号のことをいいます。,院号,いんごう,,
宇宙空間もしくは成層圏で散骨することを宇宙葬と言います。海外の会社が実施しているものでは、ロケットで宇宙空間まで運び、散骨する。また、国内では、遺骨を納めたバルーンを成層圏まで飛ばして散骨するというものもあります。,宇宙葬,うちゅうそう,,
承継者や遺骨の有無に関係なく申し込むことができ、墓地管理者が使用者の子孫にかわって永続的に供養と管理を行うお墓のことをいいます。,永代供養墓,えいたいくようぼ,,
ご葬儀の際に故人様が生前好んでいた音楽を流し、焼香などを行う自由葬のことをいいます。無宗教のご葬儀などで行われます。,音楽葬,おんがくそう,,
日取りの関係などで通夜を2日間にわたって行う場合、1日目を仮通夜といいます。仮通夜は身内だけで行い、翌日の本通夜は弔問客を招いて通夜を行います。,仮通夜,かりつや,,
ご家族や身近な友人、知人とのお別れを最優先に考え、儀礼的な弔問等をなくした小規模なご葬儀・お葬式のことをいいます。,家族葬,かぞくそう,,
役所などで発行される火葬をするための許可証のことをいいます。基本的に、亡くなった際に「死亡届」と「火葬許可申請書」を役所などに提出すると発行されます。,火葬許可証,かそうきょかしょう,,
ご葬儀のときに花々で華やかに飾る祭壇のことです。故人様が生前好んだお花をふんだんに使用することで、ご供養するという意味も含まれます。,花祭壇,はなさいだん,,
"
仏教の宗派の一つで、華厳経をよりどころとしています。本尊は盧舎那仏。
哲学的な考えが色濃く、東大寺大仏建立の思想のもととなっており、
その歴史は古く、十三宗五十六派や南都六宗にも数えられています。
",華厳宗,けごんしゅう,,
その家々の故人様のお名前（俗名）、戒名（または法名）、没年月日、死亡年齢などを記した、各家庭に伝わる系譜（帳面）です。,過去帳,かこちょう,,
お通夜、ご葬儀・告別式に参列してくださった相手にお渡しするお礼状のことです。,会葬礼状,かいそうれいじょう,,
解剖は大きく4種類あり、大学の医学部などの研究のための正常解剖、死亡原因や難病研究のために行われる病理解剖、自殺や他殺の疑いがある場合の警察の司法解剖、突然死などの警察医の死体検分で死因不明の時に行う行政解剖がございます。,解剖,かいぼう,,
年忌法要または回忌法要のことをいいます。2年目の祥月命日を三回忌といい、以降、七回忌、十三回忌、十七回忌、二十五回忌、三十三回忌、五十回忌、百回忌の節目で法事が営まれます。,回忌,かいき,,
海からとれる海産物などの自然の恵みのことをいいます。神式開眼供養などの際の供物の一つです。,海の幸,うみのさち,,
ご遺体を火葬した後にその遺骨を海に散骨するご葬儀のスタイルのことをいいます。海にまく遺骨は細かく砕いておくことや、散骨する場所を選ぶことなどの配慮が必要になります。,海洋葬,かいようそう,,
石碑がお墓となるために行われる仏教的儀式のことをいいます。「魂入れ」「入魂式」などとも呼ばれます。,開眼法要,かいげんほうよう,,
相続財産が海外にあり、その財産について外国の相続税に相当する税金が課されている場合、国際間の二重課税が生じることになります。二重課税を調整するために外国でかかった相続税に相当する税金を日本の相続税額から控除する仕組みです。,外国税額控除制度,がいこくぜいがくこうじょせいど,,
冠婚葬祭にかかる費用を会員同志で助け合うという趣旨で始めた、経済産業省認可の組織ことをいいます。それぞれ株式会社の形をとり、全国約300社あります。毎月一定金額を掛け金として積み立て、冠婚葬祭の費用にあてるシステムです。,冠婚葬祭互助会,かんこんそうさいごじょかい,,
現物分割が困難な場合や遺産を分割することで遺産価値が減少するような場合、共同相続人または包括受遺者のうち1人、または数人が相続または包括遺贈により財産全部または一部を処分して金銭に換価し、その換価代金を相続人で分割する方法のことをいいます。,換価分割,かんかぶんかつ,,
棺を覆う布のことをいいます。仏式の場合に金襴の「七条袈裟」を使います。,棺掛け,かんかけ,,
仏教式のご葬儀では火葬場から自宅に遺骨が帰ってきた時、僧侶に読経してもらうことをいいます。遺骨と遺影、線香、ローソクを小机に置き供養します。最近はこれにあわせて、初七日の法要を繰り上げて行うようになりました。,還骨法要,かんこつほうよう,,
生命の危ういこと。死を迎えようとする状態にあることをいいます。,危篤,きとく,,
死期が迫った状態のときに残される遺言の事を言います。3人以上の証人が必要など、遺言として認められる為に一定の条件を満たさなければなりません。また、遺言から20日以内に家庭裁判所に遺言確認のための審判の申し立てをしなければ効力が発生しません。,危篤時遺言,きとくじゆいごん,,
故人様が亡くなってから四十九日間を中陰または中有といい、四十九日目をもって忌明けとします。近年では五七日忌（三十五日）に繰り上げた忌明けもあります。神式葬儀では、五十日祭の翌日に行われる清祓いの儀をもって忌明けとします。,忌明け,きあけ,,
「忌」の期間であることを示す札のことをいいます。忌中札は他に穢れを及ぼさないようするため、門口や玄関に張ります。簾を裏返しにして垂らし、墨で黒枠を付け、中央上部に忌中と書くのが多いです。,忌中札,きちゅうふだ,,
本来、忌明けの35日または49日までは殺生をしないよう肉や魚などを食することを慎み、忌明けが過ぎて日常の食生活に戻ることを指しました。最近では、故人様のご葬儀でお世話になった方々へのお礼の席として、ご葬儀後の骨上げの時に行うのが一般的です。,忌払い,いみばらい,,
亡くなった日から数えて四十九日目（三十五日日にする場合もある） に営む法要のことをいいます。中陰の期間には死者が善処に生まれることを願い、七日ごとに仏事を行いますが、忌明け法要はその期間の最後の法要となります。,忌明け法要,きあけほうよう,,
神仏や高僧を信じてその力にすがること。仏にすべてを捧げることをいいます。帰依の原語はナマスで、漢字で「南無」と書きます。従って、「南無阿弥陀仏」は阿弥陀仏に帰依しますという意味になります。,帰依,きえ,,
火葬場から帰ったあとに遺骨と霊璽を仮霊舎に安置し、葬儀が終わったことを示す儀式のことをいいます。,帰家祭,きかさい,,
火葬場から戻った時、斎場の前でお祓いをしてもらい、手水の儀を行い、清め塩をまいてから斎場に入ります。,帰家修祓の儀,きかしゅうばつのぎ,,
神に死亡を奉告する儀式のことをいいます。ご遺族が代理人をたて、神社に死亡を報告し、それを受けて神官が行います。,帰幽奉告の儀,きゆうほうこくのぎ,,
キリスト教のプロテスタントにおける法要のこと。,記念の集い,きねんのつどい,,
主に亡くなってから7日目、10日目、1カ月（あるいは20日目の場合もある）の月命日や毎年の命日に行われます。牧師を招いて説教を聞き、祈りをささげて故人様を偲びます。,記念式,きねんしき,,
故人の枕元にびょうぶを逆さに置くことを言います。死後の世界は現世とは逆になっているという考え方から、「逆さ事」といって葬儀の際に日常生活とは逆のことを行ったり、逆さにして飾り付けたりします。,逆さ屏風,さかさびょうぶ,,
生前にあらかじめ自分のために墓を建てることをいいます。この時、墓石にしるす名前の部分は朱墨を入れ、亡くなった際に朱を消します。,逆修墓,ぎゃくしゅばか,,
白地に紫で朽ちた木を図案化した文様が入った幕のこといいます。朽木幕のほか、しめ縄などで祭壇が飾られます。,朽木幕,くちきまく,,
死亡時の年齢のことをいいます。行年ともいいます。,享年,きょうねん,,
お悔やみの気持ちを込めた弔意として、葬儀場に供える生花（お花）です。,供花,きょうか,,
背から肘掛が流麗な曲線を持つ一木で作られた椅子のことをいいます。僧が法事のときに用いる椅子の一種で背もたれの部分が丸く、交脚の折りたたみ式のものが一般的です。,曲録,きょくろく,,
榊（さかき）の枝に紙垂（しで）という紙片をつけて、神前に捧げるものをいいます。仏式の焼香にあたる行いの際に用います。,玉串,たまぐし,,
神道における、仏式の焼香にあたる儀式のことをいいます。紙垂をつけた榊の小枝を故人様にに供えます。,玉串奉奠,たまぐしほうてん,,
"金箔や漆で彩られた仏壇のことをいいます。「漆仏壇」と呼ばれることもある。仏壇は、金仏壇と唐木仏壇とに大きく分けられ、金仏壇は浄土宗や浄土真宗などで用いられることが多く、地域としては関西や北陸、東北などでよく見られます。
",金仏壇,きんぶつだん,,
故人と親しかった人たちに、故人の思い出の品々を譲ることを形見分けと言います。特に決まりはありませんが、多くの場合は忌明けを一つの区切りとして形見分けを行います。,形見分け,かたみわけ,,
お盆の初日に帰ってくる先祖の霊が、道に迷わないように火をたくことをいいます。オガラなどを燃やすことが多いです。地域によっては迎え火のかわりに提灯などを掲げるところもあります。,迎え火,むかえび,,
相続人になるべき方が、一定の重大な違法・反道徳的な行為をした場合に、相続人としての資格を失わせることをいいます。,欠格,けっかく,,
仏教用語で師から弟子へと教えを伝えたことを意味します。教えのほかに、本尊や宝物などを授ける場合もあります。相伝することから血脈相承ともいいます。,血脈,けつみゃく,,
毎月の故人様の命日にあたる日のことをいいます。また、その日に行う仏事（月忌法要）のことをいいます。,月忌,がっき,,
命日の月は問わずに、亡くなった日を指します。例えば、故人様の命日が1月1日だとすると、毎月の1日が月命日となります。,月命日,つきめいにち,,
お墓を建てることそのものを指し、石材店の立場ではなく、施主の立場で使われます。,建墓,けんぼ,,
霊前に香を焚いて捧げることをいいます。故人様の魂が煙のように天に昇ることを祈ります。また、香を捧げることにより故人様の生前の信仰が、その罪を清めるといわれています。,献香,けんこう,,
解剖実習などの研究用に無償でご遺体を提供することをいいます。意志のある人は生前に登録し、家族全員の了承を得る必要があります。遺骨が家族の元に戻るのは、死後1〜2年が通常の流れとなっています。,献体,けんたい,,
神社や寺に灯明を奉納することをいいます。また、その灯明のこと。火は古来から不浄を焼き払うと言われ、ご葬儀開式の時「献灯」を儀式として取り入れることもあります。,献灯,けんとう,,
仏教徒が守るべき基本的な5つの戒めのことをいいます。不殺生戒（生き物を殺してはならない）、不偸盗戒（盗みをしてはいけない）、不邪淫戒（不貞行為をしてはいけない）、不妄語戒（うそをついてはいけない）、不飲酒戒（酒を飲んではいけない）の5つ。,五戒,ごかい,,
亡くなってから35日目のことをいいます。小練忌ともいいます。この日を忌明けとする宗派や地域などもあり、仏教では閻魔様の裁きを受ける日とされています。,五七日忌,いつなぬかき,,
亡くなってから満49年を迎える年に執り行う法要のことをいいます。,五十回忌,ごじゅっかいき,,
出棺の後、関係者全員をはらい清める儀式（祓除の儀）のことをいいます。,後祓いの儀,あとばらいのぎ,,
故人が成仏（じょうぶつ）した仏様の前。また、御仏に供える金品のことをいいます。供物の表書きの１つです。,御仏前,ごぶつぜん,,
先祖の霊のことをいいます。「ごりょう」と呼ぶ場合もあります。,御霊,みたま,,
故人の御霊（みたま）の前。また、御霊に供える金品のことをいいます。香典の表書きの１つです。,御霊前,ごれいぜん,,
法律実務に長年携わってきた人の中から選ばれ、法務大臣が任命する公務員のことをいいます。公証人役場は全国に300以上あり、遺言書の作成にあたっては、どこの役場でもかまいません。,公証人,公証人,,
遺言を残す本人と法文書作成の専門家である公証人で作成した遺言状のことをいいます。法的な力や証拠性が高いとされています。,公正証書遺言,こうせいしょうしょいごん,,
死亡時の年齢のことをいいます。享年ともいいます。,行年,ぎょうねん,,
お香をたいて供えることをいいます。仏様やご先祖様にとっては、お香が何よりのご馳走とされています。,香食,こうじき,,
仏式の通夜や葬儀の際に包む、故人様に対するお供え物のことをいいます。主にお金を包むことが多いです。神道の場合は「御玉串料」「御榊料」「御霊前」。キリスト教の場合は「お花料」などというように呼び名が変わります。,香典,こうでん,,
ご葬儀の時などに香典を入れる袋のことをいいます。不祝儀袋ともいいます。表書きは宗旨宗派によって異なり、仏教では「御香典」「御霊前」など（浄土真宗では「御仏前」）。神道では「御玉串料」「御榊料」など。キリスト教では「お花料」などというように呼び名が変わります。,香典袋,こうでんぶくろ,,
墓前で線香を上げるためのお墓や仏壇の付属品のことをいいます。線香を立てるタイプは「香立」と呼ばれます。,香炉,こうろ,,
異なる年忌法要が同じ年に重なるとき、施主・参列者ともに負担を減らすため、2つ（あるいは2つ以上）の法要をまとめて執り行うことをいいます。併修（へいしゅう）とも言われます。,合斎,ごうさい,,
同時期に法要が重なった場合、一度にまとめて行う法要のことをいいます。またはお盆やお彼岸などの際、寺院などに僧侶が集まって法要を行うことをいいます。,合同法要,ごうどうほうよう,,
二柱以上の神や霊をあわせて一社に祀ることをいいます。,合祀,ごうし,,
五十日祭から百日祭までの間の適当な日に、霊璽を仮霊舎から祖霊舎に移す儀式のことをいいます。,合祀祭,ごうしさい,,
"
一般的な流れとしては、僧侶による読経などが行われ、告別式が終わると荼毘に付される。かつては通夜と葬儀、告別式はそれぞれ別に行われていたが、最近では葬儀と告別式を一緒に行うことが多い。
一般的な流れとしては、僧侶による読経などが行われ、告別式が終わると荼毘に付される。
かつては通夜と葬儀、告別式はそれぞれ別に行われていたが、最近では葬儀と告別式を一緒に行うことが多い。",告別式,こくべつしき,,
国家公務員が加入する国の年金制度のことをいいます。共済組合からは退職共済年金、障害共済年金、遺族共済年金が支給され、受給の条件や年金額の計算方法は厚生年金と基本的に同じですが、共済組合独自の職域加算額が加算されています。,国家公務員共済組合,こっかこうむいんきょうさいくみあいれんごうかい,,
遺骨を収納するための壷のことです。 地方により、荼毘に付された後、収骨（拾骨）する量が違うため、サイズが異なります。 一般に東日本では大型のものを、西日本では小型のものを用います。 本骨（喉仏の骨）と胴骨を分けて収納する地域もあります。,骨壷,こつつぼ,,
古いお墓を建て直したり、別の場所に改葬する際に行われる仏教的儀式のことをいいます。性根抜きともいいます。,魂抜き,たましいぬき,,
祖先を祭ることをいいます。祭祀を受け継ぐ権利保持者のことを「祭祀承継者」といいます。,祭祀,さいし,,
一般的な財産を受け継ぐ場合は相続税がかかりますが、祭祀財産は非課税で相続税がかかりません。,祭祀財産,さいしざいさん,,
神式のご葬儀において神をまつる人、祭祀を主宰する人のことです。神式では斎主が中心となりご葬儀を行います。仏教の導師、カトリックでの神父、プロテスタントでの牧師にあたります。,斎主,さいしゅ,,
明治初期の時代までに日本に根付いた伝統的な仏教の宗派13派（法相宗、華厳宗、律宗、天台宗、真言宗、浄土宗、浄土真宗、日蓮宗、時宗、融通念仏宗、曹洞宗、臨済宗、黄檗宗）のことです。,在来仏教,ざいらいぶっきょう,,
死後、満2年、数えで3年目の忌日で、一周忌の翌年（2年目）の仏教的な忌日のことを三回忌と言います。,三回忌,さんかいき,,
死後、四十九日の忌明けまでは7日に一度、法要が営まれ、三七日忌は21日目（3回目の7日と数える）に営む法要のことを言います。別名「洒水忌（しゃすいき）」ともいいます。,三七日忌,みなぬかき,,
三社造りは神棚の代表的な造りの一つです。中央には天照皇大神、右に氏神、左に崇敬する神社のお札を置き、奉る形式になります。,三社造り,さんしゃづくり,,
死後、満32年後、数えで33年目に行う年忌法要のことです。この三十三回忌か五十回忌を節目として、故人様が極楽浄土へ旅立った「弔い上げ」とする宗旨宗派が多いです。,三十三回忌,さんじゅうさんかいき,,
神仏に物をお供えする際に用いる儀式的な台です。通常、檜などの白木で作られ、前・左・右の三方向に刳形（くりかた）と呼ばれる穴が開いていることから「三方」と呼ばれます。,三方,さんぽう,,
産土神社とは、仏教でいうところの菩提寺にあたり、その人の生まれた土地を守る神が祀られている神社のことです。,産土神社,うぶすなじんじゃ,,
亡くなってから28日目（7日が4回と数える）に行う法要のことを四七日忌と言います。「阿况忌（あぎょうき）」ともいい、身内やごく親しい人たちの間で、ささやかに行われることが多いです。,四七日忌,よなぬかき,,
市民葬（市民葬儀）は、故人または喪主など近親者の方がその自治体に移住している場合、遺されたご家族の方々の経済的負担を軽減するため、一般的なご葬儀を比較的安い費用で行うことのできる制度です。,市民葬,しみんそう,,
ご遺体にお化粧を施したりひげを剃るなど、ご葬儀にあたって故人様の身だしなみを整えること。,死化粧,しげしょう,,
故人様に着せる衣装のことを言います。死装束には、日本などの仏教文化圏では経帷子(きょうかたびら)などがありますが、近年、故人様の生前の愛用品を着せてあげることも多くあります。,死装束,しにしょうぞく,,
死亡広告は、新聞やインターネットなどで死亡を伝える広告のことを言います。ご葬儀・告別式のご案内なども掲載され、掲載料金や書式は各社によって定められています。,死亡広告,しぼうこうこく,,
氏子は、神道の信者の総称です。また、その神社のある地域に住む人のことを言います。,氏子,うじこ,,
居住地の地域に根づく土着神や祖霊のことを言います。氏神は信仰の対象となり、産土神（うぶすながみ）とも呼ばれます。,氏神,うじがみ,,
一遍上人を開祖とする仏教の宗派のことをいいます。阿弥陀如来を本尊とし、「南無阿弥陀仏」を常に唱えて仏と一体となり、やがて西方極楽浄土に往生することを確信する教え。,時宗,じしゅう,,
自殺や殺害される、病気、事故などによる死ではない、いわゆる老衰のことを自然死と言います。,自然死,しぜんし,,
海、山、川、宇宙などに遺灰を散骨することで、自然に回帰していこうとする葬送の方法です。,自然葬,しぜんそう,,
自宅飾りとは、ご自宅で飾る祭壇の総称になります。,自宅飾り,じたくかざり,,
自筆でしたためた遺言状のことをいいます。自筆証書遺言の場合、パソコンやワープロ、代筆などによるものは無効とされます。ほかにも作成年月日が明確であること、署名捺印があることなど、遺言状を有効とするためには一定の条件を満たさなければなりません。,自筆証書遺言,じひつしょうしょいごん,,
死者が生前に自分の葬式の執行について指定しておくご葬儀。家族葬、無宗教葬、音楽葬など。,自分葬,じぶんそう,,
ご葬儀の形態のひとつで、従来のご葬儀の形式や宗教にとらわれないご葬儀です。故人様の生き方を反映したり、ご葬儀の式次第やお食事、祭壇など、ご遺族が独自に自由な演出を行うことが可能なご葬儀・お葬式のことです。,自由葬,じゆうそう,,
神道における、仏式でいうところの年忌法要のことを言います。決められた期間ごとに、神主に祝詞をあげてもらい、故人をしのぶ儀式。一年祭、三年祭、五年祭、十年祭と続きます。特に一年祭は仏教でいう一周忌にあたり、大規模に執り行われることが多いです。,式年祭,しきねんさい,,
死後、満6年後、数えで7年目に行う年忌法要のことです。本来の読み方はは「しちかいき」であり、一周忌や三回忌よりも小規模として執り行う場合が多くあります。,七回忌,ななかいき,,
亡くなった日を1日目と数えて49日目に行う法要のことをいいます。仏教では、死後7日ごとに冥土で審判を受けるとされ、49日目に最後の審判がくだされ、故人様が極楽へ旅立つという考え方があり、それに基づいたもの。,四十九日法要,しじゅうくにちほうよう,,
偲ぶ会は、告別式や本葬の代わりに、故人様を偲び別れを惜しむため、お別れ会のような形式で行います。主催者や形式について決まりはなく、会場はホテルなどを利用し、平服での参列が一般的です。,偲ぶ会,しのぶかい,,
一般的には釈尊のご遺骨をいい、火葬などを行い、後に残ったご遺骨を意味します。,舎利,しゃり,,
遺骨を身近に置いて故人様を偲ぶ新しいスタイルの供養のことをいいます。遺骨を収めることができるオブジェやアクセサリーなどいろいろな手元供養のための商品が用意されています。,手元供養,てもとくよう,,
神道において儀式の前に、手や口を清めるために行う作法です。一般的には以下手順で行います。1.柄杓（ひしゃく）で左、右の順に手を清める。2.左手で注いた水で口をゆすぐ。3.残った水で左手を洗い流す。4.柄杓を元に戻し懐紙などで手と口を拭く。,手水の儀,ちょうずのぎ,,
寿陵とは生前に自分が入るためにお墓を建てることを言います。墓石の戒名は朱墨を用い、埋葬するときに朱墨を落とします。,寿陵,じゅりょう,,
仏教用語で、仏門に入る者に対し、仏弟子として生きるための戒を授けることを言います。,授戒,じゅかい,,
墓石のかわりに樹木をモニュメントにした墓地のことをいいます。「樹木葬墓地」ともいいます。「墓埋法」で墓地として許可を得た場所に遺骨を埋め、樹木を墓標として埋葬する方法であるが、はっきりとした形態の決まりがあるわけではありません。,樹木葬,じゅもくそう,,
収蔵とは、一時的に納骨堂にご遺骨を収容しておくことを言います。法律上、お墓にご遺骨を納めることを「埋蔵」といい、ご遺体を土葬することを「埋葬」といい、呼び分けられています。,収蔵,しゅうぞう,,
一周忌のことを言います。死後、満1年後の命日のことで、満2年後の命日は三回忌となります。周忌は回忌とあわせ、「年忌」と総称されています。,周忌,しゅうき,,
宗教不問とは、その名の通り、宗教的な条件を問わないことを言います。,宗教不問,しゅうきょうふもん,,
宗派とは、信仰する宗教の教義(宗教の教えの体系化したもの)のことであり、宗教において教義や信仰対象などが異なったり、歴史的経緯にって生じたものです。,宗派,しゅうは,,
斎主が大幣（おおぬさ）を用い、斎場や棺、参列者などを祓い清める儀式のことを言います。この儀式を受ける人は、起立して頭を深く下げます。,修祓の儀,しゅうばつのぎ,,
人が人生の最期を迎えるにあたり、ご葬儀やお墓、遺産整理などの準備を元気なうちに行う活動のこと。,終活,しゅうかつ,,
死後、満12年、数えで満13年目に行う年忌法要です。ご親族や、故人様が生前親しくしていたご友人・知人などを招き、行われます。七回忌、十三回忌あたりから法要の規模は徐々に縮小され、ご親族のみで行われることが多いです。,十三回忌,じゅうさんかいき,,
亡くなってから満16年目に行う年忌法要のことをいいます。親族・知人が集まり、自宅に僧侶を招くか、寺院で読経をしてもらいます。あるいは、会食しながら故人様を偲ぶこともあります。,十七回忌,じゅうななかいき,,
故人様が亡くなってから初めて迎えるお盆のことです。,初盆,はつぼん,,
死亡したことにより、戸籍から氏名を除いたことを証明する謄本のことです。故人様の所持していた預貯金の払い戻しや、生命保険の請求などの手続きに必要になります。,除籍謄本,じょせきとうほん,,
承継とは、お墓などの神社や祖先を祀る祭祀（さいし）財産を受け継ぐことを言います。,承継,しょうけい,,
焼香とは、霊前に置き、抹香を香炉にくべて、故人様のご冥福を祈念する儀式です。宗旨宗派などにより、回数や額の位置まで上げるかなどの作法が異なりますが、気持ちを込めて行うことが大切です。,焼香,しょうこう,,
各種の共済制度に加入している人が、在職中の病気やけがで障害になったとき受けられる年金のことをいいます。1級・2級の場合は、障害基礎年金と障害共済年金。さらに程度の軽い障害の場合は3級の障害共済年金だけが受けられます。,障害共済年金,しょうがいきょうさいねんきん,,
京都の西本願寺を本山とし、阿弥陀如来を本尊とする浄土真宗の宗派の一つ。「浄土真宗本願寺派」とも呼ばれます。浄土真宗は親鸞聖人が開き、中興の祖といわれる8代蓮如上人の時代に、民衆の間に急速に広まりました。,浄土真宗西本願寺派,じょうどしんしゅうにしほんがんじは,,
京都の東本願寺を本山とし、阿弥陀如来を本尊とする浄土真宗の宗派の一つ。「真宗大谷派」「お東さん」とも呼ばれます。浄土真宗は親鸞聖人を開祖とし、8代蓮如上人によって大きく発展ししました。,浄土真宗東本願寺派,じょうどしんしゅうひがしほんがんじは,,
一般的には寝台設備を有している鉄道車両のことを指しますが、ご葬儀やお葬式関連においては、ご遺体をご自宅などの安置場所に移送することを目的とした自動車のことが寝台車と呼ばれています。,寝台車,しんだいしゃ,,
神道における天照大御神や氏神などの神様を祀る場所、棚のことを言います。「一社造り」「三社造り」などの造りがあり、米や水、塩や榊の枝葉などをお供えします。,神棚,かみだな,,
宗教のひとつで日本固有の民族信仰です。教祖や教え、教典などもなく、古来より神への敬いを中心として形成されている宗教です。,神道,しんとう,,
仏教寺院や仏壇などにおいて本尊を祀る場所であり、仏像などをご安置する為に一段高く設けられた場所のことです。古くから神聖な山として崇められた「須弥山」が語源と言われ、「神聖な場所」という意味もあります。,須弥壇,しゅみだん,,
死後この世に未練を残さずに仏となることを成仏すると言います。また、死ぬことや仏になることも意味します。,成仏,じょうぶつ,,
人の死後、最初に行われるご遺体を清める行為で、生前、病気などで入浴できなかった故人様の体をアルコールを含ませたガーゼなどで拭き清めることです。同時に傷口の処置や衛生上の処置も行います。,清拭,せいしき,,
神道の祖霊を迎えた祭りで五十日祭の翌日に行う忌明けの儀式です。ご葬儀の際に、神棚と祖霊舎に貼った白紙をはがす儀式を行います。,清祓いの儀,きよはらいのぎ,,
ご葬儀のときに花々で華やかに飾る祭壇のことです。故人様が生前好んだお花をふんだんに使用することで、ご供養するという意味も含まれます。,生花祭壇,せいかさいだん,,
生前に、自身のご葬儀・お葬式を行うことです。自分自身が元気で生きているうちに行うので、お世話になった方々へのお礼やお別れを伝えることができます。述べることができます。,生前葬,せいぜんそう,,
初七日の間は、精進料理を食べた習わしからきていて、忌明けの食事という意味です。,精進落とし,しょうじんおとし,,
仏教における聖域であり、理想の世界のこと。宗派によって呼び方や概念に違いがあります。西に向かってお参りすると浄土に向かってお参りすることになるといわれているため、東向きのお墓が好まれる傾向にあります。,西方極楽浄土,さいほうごくらくじょうど,,
会合・ご儀式などの座席の順序のことをいいます。通夜やご葬儀では一般に祭壇に向かって中央に僧侶、左に葬儀委員長や世話役、来賓が右に近親者が座ります。一般会葬者は祭壇の正面に向かって先着順、近親者は棺に近い方から、喪主、血縁の濃い順に座ります。,席次,せきじ,,
菩薩が身体を他の国土の教化に移し、この世の教化の縁が尽きること。一般的には徳の高い層である高僧の死に用います。,遷化,せんげ,,
キリスト教プロテスタントにおける、仏式の通夜にあたる儀式のことをいいます。キリスト教には通夜を行う習慣がなく、供養という考え方もあまりないため、故人に思いをはせ、偲ぶという意味合いが強いです。,前夜祭,ぜんやさい,,
ご先祖様の霊のことを言います。御霊とも呼ばれ、三十三回忌ないし五十回忌の弔い上げのすんだ死者の霊は、集合体としての祖先霊と扱われます。,祖霊,それい,,
故人様やご先祖の御霊を祀ります。仏式の仏壇に当たるものです。祖霊舎はその中に故人や先祖の御霊が宿る霊璽を祀ります。,祖霊舎,それいしゃ,,
ご葬儀や法要の際にご遺族側が、供養をいただいた事に対して、謝意をあらわすために渡す品のこと。,粗供養品,そくようひん,,
禅宗の一つ。本山は永平寺と総持寺。南宋に渡り学んだ道元禅師が正伝の仏法を日本に伝え、その後、瑩山禅師が全国に広めました。釈迦牟尼仏を本尊とし、「南無釈迦牟尼仏」を唱える。「只管打坐」といって坐禅の修行に最も重きを置いています。,曹洞宗,そうとうしゅう,,
贈与税と相続税を一体化させた制度で、平成15年度税制改正で導入されました。65歳以上の親から満20歳以上の子への贈与は、2500万円まではその時点で贈与税をかけずに相続した時に、他の遺産とあわせて相続税として一括して精算する制度となります。,相続時精算課税制度,そうぞくせいさんかぜいせいど,,
死者を葬る儀式のことをいいます。仏教では僧侶が読経し、参列者が焼香などを行います。神道では神官が式を執り行い、参列者は玉串奉奠などを行います。キリスト教では牧師が行い、故人様に花や賛美歌などを捧げます。,葬儀,そうぎ,,
厚生労働省認定の、葬祭の受注から会場設営、式典の運営などに関する能力を測る資格です。,葬祭ディレクター,そうぎでぃれくたー,,
神式のご葬儀を葬場祭といい、故人様に最後のお別れを告げる儀式のことです。斎主が祭詞を奏上し、故人様の業績や人柄を語るなどし、故人様の安らかな眠りとご遺族の守護を祈願する儀式を行います。,葬場祭,そうじょうさい,,
行列を組み、ご遺体を火葬場または墓地へ運ぶことです。野辺送りとも言われます。最近では霊柩車で運ばれることが多く、見ることがなくなりました。,葬列,そうれつ,,
地域によって日程は異なりますが、お盆の最終日にご先祖様の霊を送り出すためにたく火のことです。オガラと呼ばれる麻の茎などを用い、一般的に自宅の玄関先などでたかれることが多いです。日程は地域によって異なる。,送り火,おくりび,,
安らかに後悔なく死を迎えることを意味しており、現代では、長生きをして天寿を全うしたという意味での使い方が主流となっています。,大往生,だいおうじょう,,
特定の宗旨宗派のグループに所属していない寺院や神社のことをいいます。徳川家康を祭る日光東照宮や千本鳥居で有名な伏見稲荷大社など、名前が広く知られていても団体に所属していない寺院や神社もあります。,単立,たんりつ,,
その寺院に属している御布施でお寺の財政を支援するお家、もしくは人のことを指します。「檀那」や「檀徒」、「門徒」などとも呼ばれます。,檀家,だんか,,
中陰法要とは、故人様が往生されてから49日の間、7日毎にお勤めする法要です。七七日（49日）の法要を満中陰といいます。,中陰法要,ちゅういんほうよう,,
亡くなってから49日までの期間を「中陰（ちゅういん）」といい、その間7日ごとに行われる法要のことを言います。四十九日を経過して初めて行き場所が決まるという仏教の考え方によるものとされる。,中陰供養,ちゅういんくよう,,
特定の回忌法要を区切りとして、故人様が極楽浄土へ往生したと考え、法要を営むことを最後とすること。何回目の法要を節目とするかは、宗旨宗派により違いがありますが、三十三回忌や五十回忌をもって弔い上げとする場合が多いです。,弔い上げ,とむらいあげ,,
"ご葬儀やお通夜などに参列する人を指します。
近年は、「家族葬」と呼ばれる近親者のみのご葬儀も増えているので、ご葬儀やお通夜に弔問してもよいかどうかを事前に確認するとよいでしょう。",弔問客,ちょうもんきゃく,,
本来、神前に供えたものを神と人とが一緒に食べることを言います。神式のご葬儀では通夜祭、帰家祭の後に、お世話になった方々へ食事を用意し、ねぎらいます。,直会,なおらい,,
ご葬儀・告別式などの宗教儀式を行わず、火葬のみ行うご葬儀形態を言います。法律により死後24時間は火葬できないため、ご遺体を保管した後に直接火葬場へ移送し、お別れします。,直葬,ちょくそう,,
キリスト教のカトリックにおける法要のことを言います。主に亡くなってから7日目、10日目、1カ月（あるいは20日目の場合もある）の月命日や毎年の命日に行われます。牧師を招いて説教を聞き、祈りをささげて故人様を偲びます。,追悼ミサ,ついとうみさ,,
通夜で行われる儀式のこと。,通夜の儀,つやのぎ,,
神式におけるご葬儀である葬場祭の前夜に営む儀式が通夜祭です。故人様に礼をつくし奉仕するために行います。,通夜祭,つやさい,,
仏式のご葬儀で行われる、石を用いて柩に釘を打つ儀式のことをいいます。,釘打ち,くぎうち,,
故人様をご供養するために墓所に置かれる板が塔婆です。卒塔婆（そとば）や板塔婆（いたとうば）ともいい呼ばれています。,塔婆,とうば,,
故人様のご供養のために火をお供えすることです。一般的にろうそくなどが用いられ、お墓に灯籠を立てたりお仏壇に火をともすことも灯明供養のひとつです。,灯明供養,とうみょうくよう,,
ご先祖様や亡くなった方の霊を弔うため、お盆の時期の夜に火をともしたろうそくを中に入れた灯籠を、川に流す儀式・行事です。,灯籠流し,とうろうながし,,
ご葬儀の当日にお香典返しを行うことをいいます。当日返しは、ご葬儀の受付でお香典をいただいた方に対し、その場でお香典返しを手渡します。当日返しの場合、金額に応じて商品を選ぶのでは無く、全ての方に対し、同じ商品をお渡しすることが多いです。,当日返し,とうじつがえし,,
僧侶が携行用で首からかけて持ち歩く袋を言い、経巻・仏具・布施などを入れる袋です。また、後世からは死者の首にかける袋も、仏道修行の旅に出ることからこのように呼ばれるようになった。,頭陀袋,ずだぶくろ,,
戒名の上につけられる故人様の別名のことをいいます。位牌は一般的に上から院号、道号、戒名、位号の順に記され、これらをまとめて「戒名」と呼ぶことも多いです。,道号,どうごう,,
亡くなってから14日目（2回目の7日と数える）に行われる法要のことを二七日忌と言います。「以芳忌（いほうき）」とも言います。,二七日忌,ふたなぬかき,,
死後、満24年後、数えで25年目に行われる年忌法要です。地域や宗旨宗派によっては二十七回忌のかわりに二十五回忌を行う場合もあり、さまざまです。,二十五回忌,にじゅうごかいき,,
死後、満22年後、数えで23年目に行われる年忌法要です。一般的には、十三回忌の次に行い、その後、二十五回忌、二十七回忌と続きますが、宗旨宗派や地域によって異なります。,二十三回忌,にじゅうさんかいき,,
死後、満26年後、数えで27年目に行われる年忌法要です。地域や宗旨宗派によっては二十七回忌のかわりに二十五回忌を行う場合もあります。,二十七回忌,にじゅうしちかいき,,
仏教の宗派のひとつで、「法華経」を中心としています。身延山久遠寺（山梨県南巨摩郡）に総本山をかまえ、法華経の功徳のすべてが「南無妙法蓮華経（なむみょうほうれんげきょう）」に込められ、これを唱えることが大事だと宗祖である日蓮聖人が説いた。,日蓮宗,にちれんしゅう,,
一般的には、2親等以内の親族が亡くなってから一周忌までを喪中とし、喪中は年賀状を出しません。12月のはじめに年賀欠礼の挨拶状を出します。挨拶状には、誰の喪に服しているかを明記し、先方が年賀状を出す前に届くように、12月の初旬には出します。,年賀欠礼,ねんがけつれい,,
周忌や回忌などの毎年まわってくる祥月命日をいいます。回忌と同じように使われています。,年忌,ねんき,,
命日に故人をしのんで営まれる追善供養のことを言います。一般に、三十三回忌や五十回忌を節目として「弔い上げ」とする宗派が多いが、地域やお寺によってその時期は異なります。,年忌法要,ねんきほうよう,,
納めの式ではお棺を火葬炉の前の焼香台のそばにおき、位牌と遺影を台の上に飾り、僧侶の読経とご遺族の焼香で故人様に最後のお別れをする儀式です。,納めの式,おさめのしき,,
ご遺体に白衣の死装束(仏式の場合）を着せ、納棺する儀式のことをいいます。宗派によっては白衣の死装束は使用しません。,納棺の儀,のうかんのぎ,,
ご遺体を柩（ひつぎ）に納めるまでの一連の作業を担当する専門家のことを言います。ご遺体洗浄（湯灌・ゆかん）、死化粧、着替え、爪切りなど、荼毘（だび）に付されるまで、ご遺体を美しく清潔に保ちます。映画「おくりびと」でも紹介されました。,納棺師,のうかんし,,
ご遺体を火葬にした後に、ご遺骨を骨壷に納めることを言います。また、遺骨を墓や納骨堂などにおさめること。,納骨,のうこつ,,
納骨堂はご遺骨を保管・安置する施設です。法律上は「他人の焼骨を預かる施設」と言われており、一時的に預かる施設や、長期的な安置を行うお墓のような扱いの施設があります。,納骨堂,のうこつどう,,
ご遺骨を墓地や納骨堂に納める際、営まれる法事・法要のことを言い、「納骨式」ともいわれます。,納骨法要,のうこつほうよう,,
頭をさげて拝むことを拝礼といいます。参拝方法のひとつで神社など神前で祈りをささげる作法です。,拝礼,はいれい,,
白木位牌とは、葬儀の時、祭壇の上に安置するための仮の位牌です。,白木の位牌,しらきのいはい,,
伝統的に用いられてきた葬儀の祭壇の種類です。近年、生花で祭壇を作る花祭壇の広がりに伴い、どちらの祭壇を選ぶかという選択肢も出てきています。元々、土葬をしていた時代に、棺を輿（こし）に入れて皆で担いで、野辺送りをしたことに由来しています。,白木祭壇,しらきさいだん,,
ご親族がお骨を箸で渡し、骨つぼに納めることをいいます。一般的には二人一組で種類の違う箸を用いて行います。語源については諸説ありますが、「箸」と「橋」をかけ「三途の川の橋渡しをする」という説などがあります。,箸渡し,はしわたし,,
般若経の内容を簡潔に表した経典のことです。日本では、「色即是空、空即是色」の句のある玄奘(げんじょう)訳が読経用に用いられることが多くあります。,般若心経,はんにゃしんぎょう,,
極楽浄土にいる祖霊に思いをはせて墓参りをし、自らも極楽浄土へ行けるように祈念する仏事の事を言います。春彼岸と秋彼岸があり、春分の日と秋分の日を中日として前後の3日、計7日間を指す場合が多いが、旧暦を用いるなど地域により異なる場合もあります。,彼岸,ひがん,,
遺言を残す本人が、秘密裏に作成した遺言状。署名捺印（なついん）のうえ、2名以上の証人の前で、公証人によって遺言内容を伏せたまま遺言の存在を証明してもらうことで遺言と認められます。,秘密証書遺言,ひみつしょうしょゆいごん,,
ご葬儀を執り行う宗旨宗派とは異なる信仰を持つ参列者のことを言い、無宗教の者のことも含まれます。一般的には、自身の宗旨宗派ではなく、参列したご葬儀や法要の流れに従います。,非信徒,ひしんと,,
カトリックの信者が死を迎える際、紙に許しを求めて神の恩恵を受けるために行う儀式です。神父が枕元で祈りを捧げ、信者の両手と額に聖油を塗ります。,病者の塗油の秘跡,びょうしゃのとゆのひせき,,
死者を埋葬するとき、ご遺体に添えて納める品物のことです。邪悪を祓う品、来世での生活用品、生前の愛用品などを納めます。 ,副葬品,ふくそうひん,,
紀元前6世紀ごろに古代インドの宗教家である「仏陀」が説いた教えです。悩みや苦しみは本質ではなく、根本の教えは必ず人は救われるというものです。,仏教,ぶっきょう,,
故人様のご冥福を祈るために僧侶を迎えて行う葬儀儀礼のことを指します。一連の流れは、通夜からお葬式・告別式、そして最後に火葬という流れになります。,仏教式,ぶっきょうしき,,
仏様にお供えしたり、死者を弔うために用いる道具類の総称。花立や香炉などの仏壇飾りから、数珠など身に着けるものなどがございます。,仏具,ぶつぐ,,
釈迦生誕の日とされる4月8日に行われる法要（宗旨宗派によっては5月8日に行うところもある）。別名「灌仏会（かんぶつえ）」とも言います。,仏生会,ぶっしょうえ,,
仏教においてご先祖様や故人様のご位牌を納めて本尊を祀る壇です。仏壇の飾り方は宗旨宗派によって異なります。,仏壇,ぶつだん,,
ご遺骨を分けること、分けられたご遺骨を指します。分骨によって2カ所に納骨したり、一部を散骨したりすることも可能です。,分骨,ぶんこつ,,
異なる年忌法要が同じ年に重なるとき、施主・参列者ともに負担を減らすため、2つ（あるいは2つ以上）の法要をまとめて執り行うことを言います。「合斎（ごうさい・がっさい）」とも言われます。,併修,へいしゅう,,
お墓の建て直しや、別の場所へ改葬の際に行われる仏教における儀式です。,閉眼法要,へいがんほうよう,,
ご葬儀に参列されるなど、関わった方々に振る舞うためのお礼の品物のことです。通夜返礼品や会葬返礼品、香典返し、法事返礼品などがあります。,返礼品,へんれいひん,,
神道においてご遺骨をお墓に納めた後に、銘旗やお花などを供えて祈ることです。,墓前祭,ぼぜんさい,,
宗派を興じた宗祖に対し、その恩に報いるための法要のことを言います。寺院によって、年中行事として毎年行うところもあります。,報恩供養,ほうおんくよう,,
伝教大師・最澄を開祖とする天台宗は、「法華経」こそが仏陀（ぶった）の教えの究極であると説き、「天台法華宗」とも呼ばれます。「法華経」を教えの中心とする宗派の総称です。,法華宗,ほっけしゅう,,
法名、亡くなった年月日を記した掛け軸のことです。,法名軸,ほうみょうじく,,
仏様やご先祖様の霊など死者に対してご供養をいとなむことです。,法要,ほうよう,,
法話は僧侶による仏教の教えをお話にしたものです。ご葬儀の際、通夜の法要の後や法事・法要の後に僧侶によりお話しされます。,法話,ほうわ,,
黒漆の施された位牌が本位牌です。忌明け後に仮の位牌(白木位牌)より本位牌に替え、仏壇やお寺様に納めてご供養します。,本位牌,ほんいはい,,
仏壇を設置する際によい方角であるとされる説の一つ。宗派の本山がある方角に向かってお参りするかたちになるように仏壇を置くとよいとされています。他に南面北座説や、西方浄土説などがあります。,本山中心説,ほんざんちゅうしんせつ,,
本葬とは、あらかじめ密葬で身内だけでご葬儀を終えた後に、改めて弔問客を呼んでご葬儀を行うことをいいます。,本葬,ほんそう,,
ご先祖様の霊を家に迎えてご供養する行事です。一般的には7月13日から15日までの期間に行われ、地方によっては旧暦の7月、8月13日から15日に行うところなどさまざまです。,盆,ぼん,,
お盆に先祖の霊を迎える際に、位牌を安置し、お供え物を置いて飾る棚のことをいいます。「精霊棚」ともいい、馬と牛を模したきゅうりとなす、ほおずき、稲など、さまざまなもので飾り付けを行います。,盆棚,ぼんだな,,
墓地にご遺体を埋めることです。土葬は都道府県によって認められているところもございますが、墓地により制限があるので確認が必要です。,埋葬,まいそう,,
故人様を埋葬する際に必要となる許可証のことをいいます。自治体によって異なりますが、火葬許可書が火葬後、その旨を明記させた埋葬許可証となります。,埋葬許可証,まいそうきょかしょう,,
神道における10日毎に行われる霊祭です。地域、宗派により異なる場合もありますが、多くは5回目にあたる五十日祭で忌明けとされます。,毎十日祭,まいとうかさい,,
お通夜の前に、故人様のために唱えるお経です。ご葬儀の中で最初に行われる儀式である場合が多く、宗旨宗派によっては行わない場合もあります。,枕経,まくらきょう,,
自宅に安置されている故人の周囲に、供養のための仏具などを飾ることを枕飾りと言います。「三具足」と呼ばれる花立、線香立、燭台（しょくだい）のほか、一膳飯や水などが供えられます。,枕飾り,まくらかざり,,
神式のご葬儀の際、ご遺体を北枕に安置し、枕飾りをしたうえで、故人様を囲んでご冥福を祈ることをいいます。,枕直しの儀,まくらなおしのぎ,,
死後、魂の抜けたご遺体に悪い霊が入ることを防ぐため、枕元や布団の上に守り刀として置く、木刀などのことをいいます。,枕刀,まくらがたな,,
カトリックですべてのご逝去した信者の霊を祀る記念日。毎年11月2日を「死者の日」と定め、教会に集まりミサを行い、墓前に花を捧げます。,万霊節,ばんれいせつ,,
仏教において、人の死後四十九日間は魂が迷っているとされおり、四十九日目は中陰の満ちる日であるため、四十九日の忌明けのことを言います。,満中陰,まんちゅういん,,
宗教者を招かず、仏教やキリスト教などのように宗教のご葬儀形式を決めずに、自由な形式で行うご葬儀・お葬式のことです。,無宗教葬,むしゅうきょうそう,,
故人様の氏名や職名などが書かれた旗のことです。神式のご葬儀で使用されます。,銘旗,めいき,,
読経を行う際に打ち鳴らしてリズムを取り、精神を統一するために必要とされる、梵音具（ぼんおんぐ）の一種です。すべての宗派で使用されるものではなく、主に禅宗や天台宗、浄土宗などで用いられます。,木魚,もくぎょ,,
ご葬儀が行われた自宅から埋葬場所まで柩を担いでいく葬列のことをいいます。最近では、ご葬儀は葬儀式場で行われ、出棺に際しても霊柩車が使用されるので、こうした光景を目にすることは少なくなりました。,野辺送り,のべおくり,,
一般的に創価学会が執り行うご葬儀を友人葬と呼びます。僧侶を招かずにご遺族・ご親族・ご友人など、故人様と縁の深い人が集い、中心となって執り行うご葬儀・告別式。,友人葬,ゆうじんそう,,
神道において、亡くなった翌日に行う霊祭の一つです。霊璽（れいじ）やお墓に参拝し、無事にご葬儀が終えられたことを報告する儀式です。,翌日祭,よくじつさい,,
寺院などの建物が新築、再建・修築落成したことに対するお祝いの儀式です。仏事に関するすべての造作物に対して、入魂のための落慶入魂式が行われます。,落慶法要,らっけいほうよう,,
律宗は南都六宗の一つであり、総本山は唐招提寺（奈良県奈良市）にかまえます。日本で最初に戒律を授けた唐僧・鑑真大和上が朝廷の「伝戒の師」として招かれ、来日した際に唐招提寺を建立し、律宗の成立に深く関わったとされている。,律宗,りっしゅう,,
中国で臨済宗を開いた臨済義玄（りんざいきげん）を宗祖とし、日本に最初に禅宗をもたらした明庵栄西（みょうあんようさい）を開祖とする。代表的な禅宗の一つです。,臨済宗,りんざいしゅう,,
祥月命日など特別な日に仏様、ご先祖様にお供えする小型の本膳のことを言います。,霊具膳,れいぐぜん,,
「霊祭」とは、仏教の法要にあたる神道の行事です。,霊祭,れいさい,,
「霊璽」とは、仏式でいう「位牌（いはい）」のようなもので「御霊代（みたましろ）」とも言います。神道においては「霊璽」に故人の御霊を移して、家庭でお祀りすることにより、故人や先祖はその家の守護神となり子孫を守るといわれています。,霊璽,れいじ,,
神道における霊祭のなかで、特に「翌日祭」や「毎十日祭」のことを「霊前祭」と呼ぶことがある。仏式の焼香にあたる「玉串奉奠（たまぐしほうてん）」などを行ったり、お供え物をしたりします。「墓前祭」「御霊祭（みたままつり）」という呼び方もあります。,霊前祭,れいぜんさい,,
仏教おいて、方角に対する考え方の一つを言います。東西南北上下の六方向すべてを尊び、お墓の方角に吉凶はないとする考えです。,六向拝,ろくこうはい,,
亡くなってから42日目（6回めの7日と数える）に行う法要のことを六十七日忌と言います。「檀弘忌（だんこうき）」ともいい、身内や故人様とごく親しかった人が集まって故人をしのびます。,六十七日忌,むなぬかき,,
死者を葬る際の、棺の中に入れる6文の銭のことです。三途(さんず)の川を渡る際に必要な銭、または冥界の旅費にするといわれています。,六道銭,ろくどうせん,,
菩薩（ぼさつ）が涅槃（ねはん）に渡るための6つの徳のことを言います。「布施」「持戒」「忍辱」「精進」「禅定」「智慧」の6つのことを指します。,六波羅密,ろくはらみつ,,
納棺してから出棺まで、毎日朝夕に、故人様が生前好んだ食べ物をお供えし、拝礼する儀式のことです。,柩前日供の儀,きゅうぜんにっくのぎ,,
ご供養のために、花とともに供えられる代表的な植物の一つです。香りがよいため、線香やお香の原料にもなっていますが、毒があるため誤って口にすることが無いよう注意が必要です。,樒,しきみ,,
ご先祖様の霊を家に迎えてご供養する行事です。一般的には7月13日から15日までの期間に行われ、地方によっては旧暦の7月、8月13日から15日に行うところなどさまざまです。,盂蘭盆,うらぼん,,
神式のご葬儀で出棺の後、関係者全員を祓い清める儀式のこと。後祓いの儀（あとばらいのぎ）ともいいます。,祓除の儀,ふつじょのぎ,,
死者を火葬すること。,荼毘,だび,,
お香典などを包むための絹製の布のことです。書き方は「帛紗」とすることもあります。一般的には慶事の際は赤系、弔事には青系の袱紗を使用します。紫はどちらの際も使用できます。,袱紗,ふくさ,,
キリスト教のプロテスタントの讃美歌のひとつで、神を讃える歌のことです。,頌栄,しょうえい,,